accident_id,date,year,month,state,district,mine_name,mine_type,accident_type,cause,severity,fatalities,injuries,description
DGMS-2016-018,2016-01-02,2016,1,Madhya Pradesh,Ranchi,MAD-Mine-53,Limestone,Roof/Side Fall,Methane buildup,Minor,0,1,"Roof/Side Fall incident at Iron Ore mine. Cause: Methane buildup. Location: Madhya Pradesh, Singrauli. 1 injuries reported. Investigation ongoing by DGMS authorities."
DGMS-2016-026,2016-01-16,2016,1,Assam,Ranchi,ASS-Mine-30,Iron Ore,Inundation,Safety protocol violation,Serious,0,12,"Inundation incident at Iron Ore mine. Cause: Safety protocol violation. Location: Assam, Ranchi. 12 injuries reported. Investigation ongoing by DGMS authorities."
DGMS-2016-083,2016-01-21,2016,1,Madhya Pradesh,Talcher,MAD-Mine-68,Manganese,Gas Emission,Human error,Serious,0,7,"Gas Emission incident at Iron Ore mine. Cause: Human error. Location: Madhya Pradesh, Sundergarh. 7 injuries reported. Investigation ongoing by DGMS authorities."
DGMS-2016-059,2016-01-22,2016,1,Jharkhand,Korba,JHA-Mine-13,Underground Coal,Collapse,Inadequate support,Serious,0,3,"Collapse incident at Limestone mine. Cause: Inadequate support. Location: Jharkhand, Talcher. 3 injuries reported. Investigation ongoing by DGMS authorities."
DGMS-2016-020,2016-01-25,2016,1,Odisha,Sundergarh,ODI-Mine-44,Iron Ore,Transport/Haulage,Equipment failure,Serious,0,3,"Transport/Haulage incident at Opencast Coal mine. Cause: Equipment failure. Location: Odisha, Korba. 3 injuries reported. Investigation ongoing by DGMS authorities."
DGMS-2016-062,2016-02-04,2016,2,Jharkhand,Ranchi,JHA-Mine-61,Limestone,Fall of Person,Methane buildup,Serious,0,6,"Fall of Person incident at Manganese mine. Cause: Methane buildup. Location: Jharkhand, Talcher. 6 injuries reported. Investigation ongoing by DGMS authorities."
DGMS-2016-034,2016-02-05,2016,2,Assam,Ranchi,ASS-Mine-32,Iron Ore,Explosion,Safety protocol violation,Minor,0,0,"Explosion incident at Limestone mine. Cause: Safety protocol violation. Location: Assam, Ranchi. Investigation ongoing by DGMS authorities."
DGMS-2016-007,2016-02-12,2016,2,Chhattisgarh,Ranchi,CHH-Mine-89,Opencast Coal,Explosion,Poor ventilation,Minor,0,2,"Explosion incident at Iron Ore mine. Cause: Poor ventilation. Location: Chhattisgarh, Ranchi. 2 injuries reported. Investigation ongoing by DGMS authorities."
DGMS-2016-037,2016-02-16,2016,2,Odisha,Sundergarh,ODI-Mine-92,Opencast Coal,Collapse,Equipment failure,Minor,0,0,"Collapse incident at Underground Coal mine. Cause: Equipment failure. Location: Odisha, Talcher. Investigation ongoing by DGMS authorities."
DGMS-2016-076,2016-02-17,2016,2,Jharkhand,Talcher,JHA-Mine-78,Opencast Coal,Explosion,Human error,Fatal,1,0,"Explosion incident at Opencast Coal mine. Cause: Human error. Location: Jharkhand, Korba. 1 fatalities reported. Investigation ongoing by DGMS authorities."
DGMS-2016-035,2016-02-29,2016,2,Chhattisgarh,Singrauli,CHH-Mine-58,Manganese,Machinery,Inadequate training,Serious,0,14,"Machinery incident at Manganese mine. Cause: Inadequate training. Location: Chhattisgarh, Korba. 14 injuries reported. Investigation ongoing by DGMS authorities."
DGMS-2016-064,2016-03-03,2016,3,Chhattisgarh,Sundergarh,CHH-Mine-01,Manganese,Roof/Side Fall,Methane buildup,Serious,0,11,"Roof/Side Fall incident at Opencast Coal mine. Cause: Methane buildup. Location: Chhattisgarh, Dhanbad. 11 injuries reported. Investigation ongoing by DGMS authorities."
DGMS-2016-038,2016-03-15,2016,3,Madhya Pradesh,Ranchi,MAD-Mine-03,Manganese,Gas Emission,Human error,Minor,0,1,"Gas Emission incident at Manganese mine. Cause: Human error. Location: Madhya Pradesh, Ranchi. 1 injuries reported. Investigation ongoing by DGMS authorities."
DGMS-2016-050,2016-04-07,2016,4,Madhya Pradesh,Singrauli,MAD-Mine-60,Iron Ore,Fall of Person,Structural weakness,Minor,0,2,"Fall of Person incident at Limestone mine. Cause: Structural weakness. Location: Madhya Pradesh, Talcher. 2 injuries reported. Investigation ongoing by DGMS authorities."
DGMS-2016-054,2016-04-11,2016,4,Assam,Korba,ASS-Mine-46,Limestone,Explosion,Inadequate training,Minor,0,2,"Explosion incident at Underground Coal mine. Cause: Inadequate training. Location: Assam, Dhanbad. 2 injuries reported. Investigation ongoing by DGMS authorities."
DGMS-2016-057,2016-04-15,2016,4,Chhattisgarh,Dhanbad,CHH-Mine-95,Underground Coal,Explosion,Structural weakness,Serious,0,1,"Explosion incident at Underground Coal mine. Cause: Structural weakness. Location: Chhattisgarh, Singrauli. 1 injuries reported. Investigation ongoing by DGMS authorities."
DGMS-2016-031,2016-05-07,2016,5,Assam,Singrauli,ASS-Mine-23,Opencast Coal,Collapse,Equipment failure,Serious,0,10,"Collapse incident at Opencast Coal mine. Cause: Equipment failure. Location: Assam, Talcher. 10 injuries reported. Investigation ongoing by DGMS authorities."
DGMS-2016-095,2016-05-09,2016,5,West Bengal,Singrauli,WES-Mine-74,Opencast Coal,Collapse,Poor ventilation,Fatal,2,3,"Collapse incident at Limestone mine. Cause: Poor ventilation. Location: West Bengal, Sundergarh. 2 fatalities reported. 3 injuries reported. Investigation ongoing by DGMS authorities."
DGMS-2016-025,2016-05-10,2016,5,West Bengal,Asansol,WES-Mine-86,Underground Coal,Fall of Person,Inadequate training,Minor,0,1,"Fall of Person incident at Underground Coal mine. Cause: Inadequate training. Location: West Bengal, Korba. 1 injuries reported. Investigation ongoing by DGMS authorities."
DGMS-2016-076,2016-05-11,2016,5,West Bengal,Ranchi,WES-Mine-91,Underground Coal,Explosion,Structural weakness,Minor,0,1,"Explosion incident at Limestone mine. Cause: Structural weakness. Location: West Bengal, Ranchi. 1 injuries reported. Investigation ongoing by DGMS authorities."
DGMS-2016-084,2016-05-20,2016,5,Assam,Sundergarh,ASS-Mine-29,Limestone,Fire,Poor ventilation,Serious,0,2,"Fire incident at Limestone mine. Cause: Poor ventilation. Location: Assam, Singrauli. 2 injuries reported. Investigation ongoing by DGMS authorities."
DGMS-2016-017,2016-05-28,2016,5,West Bengal,Ranchi,WES-Mine-55,Manganese,Roof/Side Fall,Safety protocol violation,Minor,0,2,"Roof/Side Fall incident at Iron Ore mine. Cause: Safety protocol violation. Location: West Bengal, Singrauli. 2 injuries reported. Investigation ongoing by DGMS authorities."
DGMS-2016-019,2016-06-02,2016,6,Jharkhand,Asansol,JHA-Mine-43,Opencast Coal,Electrical,Methane buildup,Serious,0,9,"Electrical incident at Underground Coal mine. Cause: Methane buildup. Location: Jharkhand, Dhanbad. 9 injuries reported. Investigation ongoing by DGMS authorities."
DGMS-2016-032,2016-06-03,2016,6,Jharkhand,Singrauli,JHA-Mine-48,Manganese,Electrical,Methane buildup,Serious,0,10,"Electrical incident at Underground Coal mine. Cause: Methane buildup. Location: Jharkhand, Sundergarh. 10 injuries reported. Investigation ongoing by DGMS authorities."
DGMS-2016-056,2016-06-21,2016,6,West Bengal,Asansol,WES-Mine-92,Underground Coal,Electrical,Weather conditions,Fatal,1,1,"Electrical incident at Underground Coal mine. Cause: Weather conditions. Location: West Bengal, Sundergarh. 1 fatalities reported. 1 injuries reported. Investigation ongoing by DGMS authorities."
DGMS-2016-042,2016-07-06,2016,7,Jharkhand,Singrauli,JHA-Mine-86,Limestone,Fire,Poor ventilation,Serious,0,4,"Fire incident at Limestone mine. Cause: Poor ventilation. Location: Jharkhand, Ranchi. 4 injuries reported. Investigation ongoing by DGMS authorities."
DGMS-2016-009,2016-07-08,2016,7,West Bengal,Dhanbad,WES-Mine-52,Manganese,Roof/Side Fall,Human error,Serious,0,7,"Roof/Side Fall incident at Limestone mine. Cause: Human error. Location: West Bengal, Talcher. 7 injuries reported. Investigation ongoing by DGMS authorities."
DGMS-2016-083,2016-07-12,2016,7,Chhattisgarh,Korba,CHH-Mine-19,Limestone,Transport/Haulage,Structural weakness,Minor,0,1,"Transport/Haulage incident at Opencast Coal mine. Cause: Structural weakness. Location: Chhattisgarh, Singrauli. 1 injuries reported. Investigation ongoing by DGMS authorities."
DGMS-2016-020,2016-07-16,2016,7,Jharkhand,Sundergarh,JHA-Mine-36,Iron Ore,Machinery,Equipment failure,Serious,0,1,"Machinery incident at Limestone mine. Cause: Equipment failure. Location: Jharkhand, Korba. 1 injuries reported. Investigation ongoing by DGMS authorities."
DGMS-2016-084,2016-08-12,2016,8,Jharkhand,Sundergarh,JHA-Mine-77,Iron Ore,Collapse,Structural weakness,Minor,0,2,"Collapse incident at Manganese mine. Cause: Structural weakness. Location: Jharkhand, Singrauli. 2 injuries reported. Investigation ongoing by DGMS authorities."
DGMS-2016-002,2016-08-31,2016,8,Odisha,Singrauli,ODI-Mine-88,Opencast Coal,Machinery,Inadequate support,Serious,0,1,"Machinery incident at Manganese mine. Cause: Inadequate support. Location: Odisha, Sundergarh. 1 injuries reported. Investigation ongoing by DGMS authorities."
DGMS-2016-059,2016-09-03,2016,9,Jharkhand,Ranchi,JHA-Mine-05,Iron Ore,Fire,Weather conditions,Fatal,2,2,"Fire incident at Limestone mine. Cause: Weather conditions. Location: Jharkhand, Ranchi. 2 fatalities reported. 2 injuries reported. Investigation ongoing by DGMS authorities."
DGMS-2016-023,2016-09-06,2016,9,Jharkhand,Talcher,JHA-Mine-93,Opencast Coal,Explosion,Inadequate training,Serious,0,5,"Explosion incident at Opencast Coal mine. Cause: Inadequate training. Location: Jharkhand, Sundergarh. 5 injuries reported. Investigation ongoing by DGMS authorities."
DGMS-2016-060,2016-09-21,2016,9,Assam,Talcher,ASS-Mine-73,Manganese,Explosion,Weather conditions,Minor,0,1,"Explosion incident at Iron Ore mine. Cause: Weather conditions. Location: Assam, Ranchi. 1 injuries reported. Investigation ongoing by DGMS authorities."
DGMS-2016-068,2016-09-24,2016,9,Assam,Singrauli,ASS-Mine-66,Iron Ore,Gas Emission,Methane buildup,Minor,0,0,"Gas Emission incident at Manganese mine. Cause: Methane buildup. Location: Assam, Asansol. Investigation ongoing by DGMS authorities."
DGMS-2016-072,2016-10-08,2016,10,Madhya Pradesh,Sundergarh,MAD-Mine-78,Limestone,Transport/Haulage,Poor ventilation,Fatal,1,5,"Transport/Haulage incident at Underground Coal mine. Cause: Poor ventilation. Location: Madhya Pradesh, Dhanbad. 1 fatalities reported. 5 injuries reported. Investigation ongoing by DGMS authorities."
DGMS-2016-078,2016-10-09,2016,10,Jharkhand,Korba,JHA-Mine-56,Underground Coal,Roof/Side Fall,Equipment failure,Fatal,1,0,"Roof/Side Fall incident at Iron Ore mine. Cause: Equipment failure. Location: Jharkhand, Asansol. 1 fatalities reported. Investigation ongoing by DGMS authorities."
DGMS-2016-099,2016-10-12,2016,10,Assam,Korba,ASS-Mine-38,Limestone,Inundation,Inadequate training,Minor,0,1,"Inundation incident at Underground Coal mine. Cause: Inadequate training. Location: Assam, Asansol. 1 injuries reported. Investigation ongoing by DGMS authorities."
DGMS-2016-097,2016-11-06,2016,11,Assam,Korba,ASS-Mine-08,Limestone,Gas Emission,Safety protocol violation,Minor,0,1,"Gas Emission incident at Limestone mine. Cause: Safety protocol violation. Location: Assam, Dhanbad. 1 injuries reported. Investigation ongoing by DGMS authorities."
DGMS-2016-007,2016-11-08,2016,11,Chhattisgarh,Asansol,CHH-Mine-67,Iron Ore,Electrical,Structural weakness,Serious,0,8,"Electrical incident at Underground Coal mine. Cause: Structural weakness. Location: Chhattisgarh, Talcher. 8 injuries reported. Investigation ongoing by DGMS authorities."
DGMS-2016-034,2016-12-01,2016,12,West Bengal,Ranchi,WES-Mine-19,Limestone,Electrical,Inadequate training,Serious,0,4,"Electrical incident at Opencast Coal mine. Cause: Inadequate training. Location: West Bengal, Singrauli. 4 injuries reported. Investigation ongoing by DGMS authorities."
DGMS-2016-003,2016-12-07,2016,12,Jharkhand,Singrauli,JHA-Mine-32,Manganese,Fall of Person,Equipment failure,Fatal,5,0,"Fall of Person incident at Iron Ore mine. Cause: Equipment failure. Location: Jharkhand, Sundergarh. 5 fatalities reported. Investigation ongoing by DGMS authorities."
DGMS-2016-051,2016-12-14,2016,12,Odisha,Singrauli,ODI-Mine-71,Underground Coal,Explosion,Human error,Fatal,1,3,"Explosion incident at Underground Coal mine. Cause: Human error. Location: Odisha, Singrauli. 1 fatalities reported. 3 injuries reported. Investigation ongoing by DGMS authorities."
DGMS-2016-086,2016-12-15,2016,12,Odisha,Asansol,ODI-Mine-42,Limestone,Fall of Person,Safety protocol violation,Serious,0,12,"Fall of Person incident at Underground Coal mine. Cause: Safety protocol violation. Location: Odisha, Ranchi. 12 injuries reported. Investigation ongoing by DGMS authorities."
DGMS-2016-097,2016-12-21,2016,12,Madhya Pradesh,Talcher,MAD-Mine-09,Iron Ore,Electrical,Equipment malfunction,Minor,0,0,"Electrical incident at Underground Coal mine. Cause: Equipment malfunction. Location: Madhya Pradesh, Korba. Investigation ongoing by DGMS authorities."
DGMS-2016-097,2016-12-30,2016,12,Chhattisgarh,Sundergarh,CHH-Mine-85,Limestone,Explosion,Equipment malfunction,Minor,0,2,"Explosion incident at Opencast Coal mine. Cause: Equipment malfunction. Location: Chhattisgarh, Asansol. 2 injuries reported. Investigation ongoing by DGMS authorities."
DGMS-2016-077,2016-12-30,2016,12,Chhattisgarh,Sundergarh,CHH-Mine-15,Underground Coal,Fall of Person,Inadequate support,Fatal,1,2,"Fall of Person incident at Opencast Coal mine. Cause: Inadequate support. Location: Chhattisgarh, Singrauli. 1 fatalities reported. 2 injuries reported. Investigation ongoing by DGMS authorities."
DGMS-2017-009,2017-01-26,2017,1,Chhattisgarh,Korba,CHH-Mine-07,Underground Coal,Transport/Haulage,Equipment malfunction,Minor,0,0,"Transport/Haulage incident at Opencast Coal mine. Cause: Equipment malfunction. Location: Chhattisgarh, Dhanbad. Investigation ongoing by DGMS authorities."
DGMS-2017-012,2017-01-27,2017,1,Odisha,Asansol,ODI-Mine-96,Limestone,Explosion,Safety protocol violation,Minor,0,1,"Explosion incident at Underground Coal mine. Cause: Safety protocol violation. Location: Odisha, Korba. 1 injuries reported. Investigation ongoing by DGMS authorities."
DGMS-2017-070,2017-02-01,2017,2,Madhya Pradesh,Dhanbad,MAD-Mine-64,Underground Coal,Fire,Inadequate training,Serious,0,5,"Fire incident at Underground Coal mine. Cause: Inadequate training. Location: Madhya Pradesh, Singrauli. 5 injuries reported. Investigation ongoing by DGMS authorities."
DGMS-2017-084,2017-02-23,2017,2,West Bengal,Korba,WES-Mine-15,Underground Coal,Electrical,Human error,Serious,0,3,"Electrical incident at Underground Coal mine. Cause: Human error. Location: West Bengal, Dhanbad. 3 injuries reported. Investigation ongoing by DGMS authorities."
DGMS-2017-004,2017-03-04,2017,3,Chhattisgarh,Ranchi,CHH-Mine-66,Limestone,Inundation,Methane buildup,Serious,0,8,"Inundation incident at Iron Ore mine. Cause: Methane buildup. Location: Chhattisgarh, Talcher. 8 injuries reported. Investigation ongoing by DGMS authorities."
DGMS-2017-069,2017-03-10,2017,3,Assam,Talcher,ASS-Mine-91,Iron Ore,Inundation,Inadequate support,Minor,0,1,"Inundation incident at Opencast Coal mine. Cause: Inadequate support. Location: Assam, Singrauli. 1 injuries reported. Investigation ongoing by DGMS authorities."
DGMS-2017-070,2017-03-22,2017,3,Assam,Talcher,ASS-Mine-51,Underground Coal,Roof/Side Fall,Inadequate training,Minor,0,0,"Roof/Side Fall incident at Limestone mine. Cause: Inadequate training. Location: Assam, Singrauli. Investigation ongoing by DGMS authorities."
DGMS-2017-029,2017-03-24,2017,3,Odisha,Singrauli,ODI-Mine-91,Iron Ore,Inundation,Weather conditions,Serious,0,3,"Inundation incident at Opencast Coal mine. Cause: Weather conditions. Location: Odisha, Asansol. 3 injuries reported. Investigation ongoing by DGMS authorities."
DGMS-2017-027,2017-04-04,2017,4,Assam,Singrauli,ASS-Mine-08,Iron Ore,Machinery,Structural weakness,Minor,0,1,"Machinery incident at Manganese mine. Cause: Structural weakness. Location: Assam, Sundergarh. 1 injuries reported. Investigation ongoing by DGMS authorities."
DGMS-2017-056,2017-04-12,2017,4,Chhattisgarh,Dhanbad,CHH-Mine-92,Underground Coal,Explosion,Inadequate support,Minor,0,1,"Explosion incident at Iron Ore mine. Cause: Inadequate support. Location: Chhattisgarh, Singrauli. 1 injuries reported. Investigation ongoing by DGMS authorities."
DGMS-2017-055,2017-04-20,2017,4,Madhya Pradesh,Talcher,MAD-Mine-48,Opencast Coal,Electrical,Safety protocol violation,Minor,0,0,"Electrical incident at Underground Coal mine. Cause: Safety protocol violation. Location: Madhya Pradesh, Talcher. Investigation ongoing by DGMS authorities."
DGMS-2017-000,2017-04-25,2017,4,Odisha,Dhanbad,ODI-Mine-73,Underground Coal,Gas Emission,Poor ventilation,Serious,0,13,"Gas Emission incident at Opencast Coal mine. Cause: Poor ventilation. Location: Odisha, Sundergarh. 13 injuries reported. Investigation ongoing by DGMS authorities."
DGMS-2017-078,2017-05-03,2017,5,Assam,Ranchi,ASS-Mine-82,Manganese,Fire,Structural weakness,Fatal,2,5,"Fire incident at Iron Ore mine. Cause: Structural weakness. Location: Assam, Singrauli. 2 fatalities reported. 5 injuries reported. Investigation ongoing by DGMS authorities."
DGMS-2017-073,2017-05-04,2017,5,Chhattisgarh,Dhanbad,CHH-Mine-39,Iron Ore,Inundation,Weather conditions,Serious,0,2,"Inundation incident at Opencast Coal mine. Cause: Weather conditions. Location: Chhattisgarh, Asansol. 2 injuries reported. Investigation ongoing by DGMS authorities."
DGMS-2017-008,2017-05-07,2017,5,Jharkhand,Talcher,JHA-Mine-11,Iron Ore,Fall of Person,Weather conditions,Fatal,3,0,"Fall of Person incident at Underground Coal mine. Cause: Weather conditions. Location: Jharkhand, Korba. 3 fatalities reported. Investigation ongoing by DGMS authorities."
DGMS-2017-039,2017-05-27,2017,5,Assam,Dhanbad,ASS-Mine-16,Manganese,Gas Emission,Inadequate training,Serious,0,14,"Gas Emission incident at Manganese mine. Cause: Inadequate training. Location: Assam, Asansol. 14 injuries reported. Investigation ongoing by DGMS authorities."
DGMS-2017-063,2017-05-30,2017,5,West Bengal,Dhanbad,WES-Mine-36,Opencast Coal,Electrical,Inadequate support,Minor,0,1,"Electrical incident at Underground Coal mine. Cause: Inadequate support. Location: West Bengal, Sundergarh. 1 injuries reported. Investigation ongoing by DGMS authorities."
DGMS-2017-065,2017-06-01,2017,6,Madhya Pradesh,Asansol,MAD-Mine-53,Manganese,Machinery,Equipment failure,Minor,0,0,"Machinery incident at Manganese mine. Cause: Equipment failure. Location: Madhya Pradesh, Talcher. Investigation ongoing by DGMS authorities."
DGMS-2017-012,2017-06-04,2017,6,Jharkhand,Korba,JHA-Mine-26,Opencast Coal,Fall of Person,Weather conditions,Minor,0,0,"Fall of Person incident at Iron Ore mine. Cause: Weather conditions. Location: Jharkhand, Singrauli. Investigation ongoing by DGMS authorities."
DGMS-2017-049,2017-06-12,2017,6,Assam,Asansol,ASS-Mine-02,Underground Coal,Inundation,Methane buildup,Minor,0,1,"Inundation incident at Opencast Coal mine. Cause: Methane buildup. Location: Assam, Asansol. 1 injuries reported. Investigation ongoing by DGMS authorities."
DGMS-2017-061,2017-06-23,2017,6,Chhattisgarh,Asansol,CHH-Mine-84,Manganese,Machinery,Methane buildup,Fatal,5,7,"Machinery incident at Underground Coal mine. Cause: Methane buildup. Location: Chhattisgarh, Dhanbad. 5 fatalities reported. 7 injuries reported. Investigation ongoing by DGMS authorities."
DGMS-2017-095,2017-06-25,2017,6,Odisha,Korba,ODI-Mine-73,Underground Coal,Transport/Haulage,Equipment failure,Fatal,3,4,"Transport/Haulage incident at Limestone mine. Cause: Equipment failure. Location: Odisha, Ranchi. 3 fatalities reported. 4 injuries reported. Investigation ongoing by DGMS authorities."
DGMS-2017-014,2017-06-29,2017,6,Odisha,Korba,ODI-Mine-29,Opencast Coal,Electrical,Equipment failure,Serious,0,12,"Electrical incident at Underground Coal mine. Cause: Equipment failure. Location: Odisha, Asansol. 12 injuries reported. Investigation ongoing by DGMS authorities."
DGMS-2017-042,2017-07-04,2017,7,Assam,Singrauli,ASS-Mine-69,Limestone,Transport/Haulage,Safety protocol violation,Serious,0,14,"Transport/Haulage incident at Opencast Coal mine. Cause: Safety protocol violation. Location: Assam, Ranchi. 14 injuries reported. Investigation ongoing by DGMS authorities."
DGMS-2017-086,2017-07-16,2017,7,West Bengal,Ranchi,WES-Mine-93,Iron Ore,Explosion,Human error,Minor,0,0,"Explosion incident at Iron Ore mine. Cause: Human error. Location: West Bengal, Asansol. Investigation ongoing by DGMS authorities."
DGMS-2017-049,2017-07-23,2017,7,Odisha,Ranchi,ODI-Mine-15,Limestone,Explosion,Methane buildup,Minor,0,2,"Explosion incident at Underground Coal mine. Cause: Methane buildup. Location: Odisha, Korba. 2 injuries reported. Investigation ongoing by DGMS authorities."
DGMS-2017-000,2017-07-28,2017,7,Chhattisgarh,Ranchi,CHH-Mine-91,Underground Coal,Machinery,Inadequate support,Serious,0,10,"Machinery incident at Opencast Coal mine. Cause: Inadequate support. Location: Chhattisgarh, Sundergarh. 10 injuries reported. Investigation ongoing by DGMS authorities."
DGMS-2017-035,2017-07-28,2017,7,Odisha,Ranchi,ODI-Mine-70,Iron Ore,Collapse,Structural weakness,Minor,0,1,"Collapse incident at Underground Coal mine. Cause: Structural weakness. Location: Odisha, Korba. 1 injuries reported. Investigation ongoing by DGMS authorities."
DGMS-2017-058,2017-07-28,2017,7,Madhya Pradesh,Ranchi,MAD-Mine-95,Iron Ore,Inundation,Human error,Serious,0,5,"Inundation incident at Limestone mine. Cause: Human error. Location: Madhya Pradesh, Singrauli. 5 injuries reported. Investigation ongoing by DGMS authorities."
DGMS-2017-070,2017-07-29,2017,7,Jharkhand,Dhanbad,JHA-Mine-44,Limestone,Transport/Haulage,Poor ventilation,Serious,0,12,"Transport/Haulage incident at Limestone mine. Cause: Poor ventilation. Location: Jharkhand, Asansol. 12 injuries reported. Investigation ongoing by DGMS authorities."
DGMS-2017-040,2017-08-03,2017,8,West Bengal,Korba,WES-Mine-70,Opencast Coal,Roof/Side Fall,Poor ventilation,Minor,0,0,"Roof/Side Fall incident at Opencast Coal mine. Cause: Poor ventilation. Location: West Bengal, Asansol. Investigation ongoing by DGMS authorities."
DGMS-2017-068,2017-08-18,2017,8,Odisha,Singrauli,ODI-Mine-51,Iron Ore,Machinery,Safety protocol violation,Fatal,1,5,"Machinery incident at Underground Coal mine. Cause: Safety protocol violation. Location: Odisha, Sundergarh. 1 fatalities reported. 5 injuries reported. Investigation ongoing by DGMS authorities."
DGMS-2017-051,2017-09-02,2017,9,Madhya Pradesh,Korba,MAD-Mine-86,Manganese,Fire,Equipment malfunction,Fatal,3,7,"Fire incident at Limestone mine. Cause: Equipment malfunction. Location: Madhya Pradesh, Singrauli. 3 fatalities reported. 7 injuries reported. Investigation ongoing by DGMS authorities."
DGMS-2017-023,2017-09-15,2017,9,Odisha,Talcher,ODI-Mine-09,Underground Coal,Roof/Side Fall,Poor ventilation,Minor,0,0,"Roof/Side Fall incident at Manganese mine. Cause: Poor ventilation. Location: Odisha, Sundergarh. Investigation ongoing by DGMS authorities."
DGMS-2017-041,2017-09-29,2017,9,Chhattisgarh,Singrauli,CHH-Mine-41,Limestone,Roof/Side Fall,Inadequate training,Minor,0,1,"Roof/Side Fall incident at Underground Coal mine. Cause: Inadequate training. Location: Chhattisgarh, Korba. 1 injuries reported. Investigation ongoing by DGMS authorities."
DGMS-2017-015,2017-10-07,2017,10,West Bengal,Dhanbad,WES-Mine-26,Manganese,Gas Emission,Poor ventilation,Minor,0,1,"Gas Emission incident at Opencast Coal mine. Cause: Poor ventilation. Location: West Bengal, Asansol. 1 injuries reported. Investigation ongoing by DGMS authorities."
DGMS-2017-016,2017-10-10,2017,10,Chhattisgarh,Dhanbad,CHH-Mine-52,Underground Coal,Collapse,Inadequate training,Serious,0,1,"Collapse incident at Iron Ore mine. Cause: Inadequate training. Location: Chhattisgarh, Singrauli. 1 injuries reported. Investigation ongoing by DGMS authorities."
DGMS-2017-022,2017-10-13,2017,10,Assam,Talcher,ASS-Mine-17,Opencast Coal,Transport/Haulage,Inadequate support,Serious,0,2,"Transport/Haulage incident at Iron Ore mine. Cause: Inadequate support. Location: Assam, Ranchi. 2 injuries reported. Investigation ongoing by DGMS authorities."
DGMS-2017-075,2017-10-20,2017,10,Assam,Korba,ASS-Mine-29,Iron Ore,Electrical,Poor ventilation,Minor,0,0,"Electrical incident at Iron Ore mine. Cause: Poor ventilation. Location: Assam, Singrauli. Investigation ongoing by DGMS authorities."
DGMS-2017-002,2017-10-23,2017,10,Madhya Pradesh,Dhanbad,MAD-Mine-49,Limestone,Roof/Side Fall,Safety protocol violation,Serious,0,2,"Roof/Side Fall incident at Underground Coal mine. Cause: Safety protocol violation. Location: Madhya Pradesh, Korba. 2 injuries reported. Investigation ongoing by DGMS authorities."
DGMS-2017-082,2017-10-26,2017,10,Madhya Pradesh,Sundergarh,MAD-Mine-43,Manganese,Fire,Safety protocol violation,Serious,0,2,"Fire incident at Opencast Coal mine. Cause: Safety protocol violation. Location: Madhya Pradesh, Korba. 2 injuries reported. Investigation ongoing by DGMS authorities."
DGMS-2017-074,2017-11-12,2017,11,Assam,Ranchi,ASS-Mine-46,Opencast Coal,Roof/Side Fall,Poor ventilation,Serious,0,5,"Roof/Side Fall incident at Underground Coal mine. Cause: Poor ventilation. Location: Assam, Korba. 5 injuries reported. Investigation ongoing by DGMS authorities."
DGMS-2017-045,2017-11-20,2017,11,Assam,Talcher,ASS-Mine-48,Manganese,Inundation,Inadequate training,Serious,0,7,"Inundation incident at Iron Ore mine. Cause: Inadequate training. Location: Assam, Korba. 7 injuries reported. Investigation ongoing by DGMS authorities."
DGMS-2017-079,2017-12-01,2017,12,Chhattisgarh,Asansol,CHH-Mine-49,Opencast Coal,Fire,Methane buildup,Fatal,1,5,"Fire incident at Opencast Coal mine. Cause: Methane buildup. Location: Chhattisgarh, Talcher. 1 fatalities reported. 5 injuries reported. Investigation ongoing by DGMS authorities."
DGMS-2017-016,2017-12-02,2017,12,West Bengal,Korba,WES-Mine-26,Manganese,Machinery,Methane buildup,Minor,0,1,"Machinery incident at Iron Ore mine. Cause: Methane buildup. Location: West Bengal, Asansol. 1 injuries reported. Investigation ongoing by DGMS authorities."
DGMS-2017-040,2017-12-04,2017,12,Madhya Pradesh,Sundergarh,MAD-Mine-86,Underground Coal,Fall of Person,Equipment failure,Minor,0,1,"Fall of Person incident at Limestone mine. Cause: Equipment failure. Location: Madhya Pradesh, Ranchi. 1 injuries reported. Investigation ongoing by DGMS authorities."
DGMS-2017-045,2017-12-04,2017,12,Chhattisgarh,Dhanbad,CHH-Mine-06,Iron Ore,Fire,Safety protocol violation,Minor,0,2,"Fire incident at Manganese mine. Cause: Safety protocol violation. Location: Chhattisgarh, Sundergarh. 2 injuries reported. Investigation ongoing by DGMS authorities."
DGMS-2017-080,2017-12-11,2017,12,West Bengal,Sundergarh,WES-Mine-44,Opencast Coal,Gas Emission,Methane buildup,Minor,0,2,"Gas Emission incident at Underground Coal mine. Cause: Methane buildup. Location: West Bengal, Dhanbad. 2 injuries reported. Investigation ongoing by DGMS authorities."
DGMS-2017-066,2017-12-14,2017,12,Madhya Pradesh,Asansol,MAD-Mine-04,Underground Coal,Gas Emission,Methane buildup,Minor,0,0,"Gas Emission incident at Iron Ore mine. Cause: Methane buildup. Location: Madhya Pradesh, Asansol. Investigation ongoing by DGMS authorities."
DGMS-2017-055,2017-12-14,2017,12,West Bengal,Dhanbad,WES-Mine-77,Underground Coal,Roof/Side Fall,Inadequate support,Minor,0,1,"Roof/Side Fall incident at Underground Coal mine. Cause: Inadequate support. Location: West Bengal, Dhanbad. 1 injuries reported. Investigation ongoing by DGMS authorities."
DGMS-2017-058,2017-12-16,2017,12,West Bengal,Korba,WES-Mine-06,Opencast Coal,Fire,Safety protocol violation,Minor,0,1,"Fire incident at Iron Ore mine. Cause: Safety protocol violation. Location: West Bengal, Korba. 1 injuries reported. Investigation ongoing by DGMS authorities."
DGMS-2017-089,2017-12-25,2017,12,Chhattisgarh,Ranchi,CHH-Mine-89,Opencast Coal,Collapse,Human error,Serious,0,3,"Collapse incident at Underground Coal mine. Cause: Human error. Location: Chhattisgarh, Asansol. 3 injuries reported. Investigation ongoing by DGMS authorities."
DGMS-2018-028,2018-01-17,2018,1,Jharkhand,Dhanbad,JHA-Mine-94,Underground Coal,Collapse,Weather conditions,Minor,0,2,"Collapse incident at Limestone mine. Cause: Weather conditions. Location: Jharkhand, Asansol. 2 injuries reported. Investigation ongoing by DGMS authorities."
DGMS-2018-053,2018-01-20,2018,1,Jharkhand,Dhanbad,JHA-Mine-50,Iron Ore,Machinery,Safety protocol violation,Fatal,3,3,"Machinery incident at Manganese mine. Cause: Safety protocol violation. Location: Jharkhand, Ranchi. 3 fatalities reported. 3 injuries reported. Investigation ongoing by DGMS authorities."
DGMS-2018-027,2018-01-28,2018,1,Chhattisgarh,Dhanbad,CHH-Mine-93,Manganese,Fall of Person,Human error,Serious,0,2,"Fall of Person incident at Manganese mine. Cause: Human error. Location: Chhattisgarh, Singrauli. 2 injuries reported. Investigation ongoing by DGMS authorities."
DGMS-2018-046,2018-02-14,2018,2,Odisha,Korba,ODI-Mine-58,Manganese,Inundation,Equipment failure,Serious,0,10,"Inundation incident at Underground Coal mine. Cause: Equipment failure. Location: Odisha, Talcher. 10 injuries reported. Investigation ongoing by DGMS authorities."
DGMS-2018-025,2018-02-18,2018,2,Madhya Pradesh,Singrauli,MAD-Mine-22,Iron Ore,Transport/Haulage,Inadequate training,Minor,0,1,"Transport/Haulage incident at Limestone mine. Cause: Inadequate training. Location: Madhya Pradesh, Sundergarh. 1 injuries reported. Investigation ongoing by DGMS authorities."
DGMS-2018-096,2018-03-07,2018,3,West Bengal,Asansol,WES-Mine-49,Manganese,Roof/Side Fall,Structural weakness,Serious,0,14,"Roof/Side Fall incident at Limestone mine. Cause: Structural weakness. Location: West Bengal, Asansol. 14 injuries reported. Investigation ongoing by DGMS authorities."
DGMS-2018-010,2018-03-30,2018,3,Odisha,Talcher,ODI-Mine-27,Limestone,Transport/Haulage,Human error,Minor,0,1,"Transport/Haulage incident at Manganese mine. Cause: Human error. Location: Odisha, Sundergarh. 1 injuries reported. Investigation ongoing by DGMS authorities."
DGMS-2018-093,2018-04-12,2018,4,Madhya Pradesh,Sundergarh,MAD-Mine-45,Limestone,Electrical,Inadequate training,Fatal,1,1,"Electrical incident at Iron Ore mine. Cause: Inadequate training. Location: Madhya Pradesh, Sundergarh. 1 fatalities reported. 1 injuries reported. Investigation ongoing by DGMS authorities."
DGMS-2018-044,2018-04-20,2018,4,Chhattisgarh,Dhanbad,CHH-Mine-21,Limestone,Fire,Inadequate support,Serious,0,8,"Fire incident at Opencast Coal mine. Cause: Inadequate support. Location: Chhattisgarh, Sundergarh. 8 injuries reported. Investigation ongoing by DGMS authorities."
DGMS-2018-044,2018-05-01,2018,5,Chhattisgarh,Sundergarh,CHH-Mine-12,Iron Ore,Roof/Side Fall,Methane buildup,Minor,0,1,"Roof/Side Fall incident at Manganese mine. Cause: Methane buildup. Location: Chhattisgarh, Sundergarh. 1 injuries reported. Investigation ongoing by DGMS authorities."
DGMS-2018-089,2018-05-08,2018,5,Chhattisgarh,Ranchi,CHH-Mine-19,Limestone,Fire,Safety protocol violation,Minor,0,1,"Fire incident at Opencast Coal mine. Cause: Safety protocol violation. Location: Chhattisgarh, Dhanbad. 1 injuries reported. Investigation ongoing by DGMS authorities."
DGMS-2018-083,2018-05-08,2018,5,Jharkhand,Korba,JHA-Mine-94,Underground Coal,Fire,Inadequate support,Fatal,2,6,"Fire incident at Opencast Coal mine. Cause: Inadequate support. Location: Jharkhand, Ranchi. 2 fatalities reported. 6 injuries reported. Investigation ongoing by DGMS authorities."
DGMS-2018-000,2018-05-10,2018,5,Madhya Pradesh,Talcher,MAD-Mine-75,Iron Ore,Transport/Haulage,Safety protocol violation,Serious,0,8,"Transport/Haulage incident at Opencast Coal mine. Cause: Safety protocol violation. Location: Madhya Pradesh, Sundergarh. 8 injuries reported. Investigation ongoing by DGMS authorities."
DGMS-2018-036,2018-05-17,2018,5,West Bengal,Talcher,WES-Mine-92,Iron Ore,Fall of Person,Methane buildup,Minor,0,0,"Fall of Person incident at Underground Coal mine. Cause: Methane buildup. Location: West Bengal, Ranchi. Investigation ongoing by DGMS authorities."
DGMS-2018-063,2018-05-26,2018,5,Jharkhand,Dhanbad,JHA-Mine-11,Manganese,Machinery,Methane buildup,Serious,0,8,"Machinery incident at Opencast Coal mine. Cause: Methane buildup. Location: Jharkhand, Talcher. 8 injuries reported. Investigation ongoing by DGMS authorities."
DGMS-2018-067,2018-05-30,2018,5,West Bengal,Ranchi,WES-Mine-54,Iron Ore,Electrical,Safety protocol violation,Minor,0,1,"Electrical incident at Opencast Coal mine. Cause: Safety protocol violation. Location: West Bengal, Ranchi. 1 injuries reported. Investigation ongoing by DGMS authorities."
DGMS-2018-043,2018-06-21,2018,6,Assam,Asansol,ASS-Mine-70,Limestone,Electrical,Equipment malfunction,Serious,0,12,"Electrical incident at Opencast Coal mine. Cause: Equipment malfunction. Location: Assam, Dhanbad. 12 injuries reported. Investigation ongoing by DGMS authorities."
DGMS-2018-074,2018-07-07,2018,7,Assam,Talcher,ASS-Mine-08,Opencast Coal,Fire,Inadequate support,Minor,0,2,"Fire incident at Opencast Coal mine. Cause: Inadequate support. Location: Assam, Korba. 2 injuries reported. Investigation ongoing by DGMS authorities."
DGMS-2018-082,2018-07-08,2018,7,Chhattisgarh,Singrauli,CHH-Mine-51,Underground Coal,Fire,Structural weakness,Fatal,1,3,"Fire incident at Underground Coal mine. Cause: Structural weakness. Location: Chhattisgarh, Singrauli. 1 fatalities reported. 3 injuries reported. Investigation ongoing by DGMS authorities."
DGMS-2018-062,2018-07-13,2018,7,Odisha,Ranchi,ODI-Mine-56,Opencast Coal,Explosion,Poor ventilation,Fatal,1,5,"Explosion incident at Underground Coal mine. Cause: Poor ventilation. Location: Odisha, Ranchi. 1 fatalities reported. 5 injuries reported. Investigation ongoing by DGMS authorities."
DGMS-2018-063,2018-07-19,2018,7,Odisha,Talcher,ODI-Mine-70,Underground Coal,Explosion,Inadequate training,Fatal,2,1,"Explosion incident at Limestone mine. Cause: Inadequate training. Location: Odisha, Talcher. 2 fatalities reported. 1 injuries reported. Investigation ongoing by DGMS authorities."
DGMS-2018-099,2018-07-24,2018,7,Jharkhand,Dhanbad,JHA-Mine-26,Underground Coal,Transport/Haulage,Weather conditions,Minor,0,2,"Transport/Haulage incident at Opencast Coal mine. Cause: Weather conditions. Location: Jharkhand, Korba. 2 injuries reported. Investigation ongoing by DGMS authorities."
DGMS-2018-001,2018-07-27,2018,7,Jharkhand,Dhanbad,JHA-Mine-29,Iron Ore,Fall of Person,Human error,Fatal,4,5,"Fall of Person incident at Manganese mine. Cause: Human error. Location: Jharkhand, Dhanbad. 4 fatalities reported. 5 injuries reported. Investigation ongoing by DGMS authorities."
DGMS-2018-031,2018-07-27,2018,7,Assam,Korba,ASS-Mine-04,Iron Ore,Electrical,Inadequate support,Minor,0,2,"Electrical incident at Underground Coal mine. Cause: Inadequate support. Location: Assam, Talcher. 2 injuries reported. Investigation ongoing by DGMS authorities."
DGMS-2018-066,2018-07-28,2018,7,Madhya Pradesh,Singrauli,MAD-Mine-60,Manganese,Transport/Haulage,Structural weakness,Serious,0,2,"Transport/Haulage incident at Manganese mine. Cause: Structural weakness. Location: Madhya Pradesh, Dhanbad. 2 injuries reported. Investigation ongoing by DGMS authorities."
DGMS-2018-026,2018-08-14,2018,8,West Bengal,Sundergarh,WES-Mine-17,Underground Coal,Roof/Side Fall,Poor ventilation,Serious,0,1,"Roof/Side Fall incident at Limestone mine. Cause: Poor ventilation. Location: West Bengal, Talcher. 1 injuries reported. Investigation ongoing by DGMS authorities."
DGMS-2018-011,2018-08-18,2018,8,Chhattisgarh,Talcher,CHH-Mine-14,Iron Ore,Roof/Side Fall,Poor ventilation,Serious,0,14,"Roof/Side Fall incident at Opencast Coal mine. Cause: Poor ventilation. Location: Chhattisgarh, Talcher. 14 injuries reported. Investigation ongoing by DGMS authorities."
DGMS-2018-081,2018-08-19,2018,8,Madhya Pradesh,Korba,MAD-Mine-93,Opencast Coal,Collapse,Inadequate training,Serious,0,3,"Collapse incident at Opencast Coal mine. Cause: Inadequate training. Location: Madhya Pradesh, Singrauli. 3 injuries reported. Investigation ongoing by DGMS authorities."
DGMS-2018-021,2018-08-20,2018,8,Jharkhand,Singrauli,JHA-Mine-10,Manganese,Gas Emission,Weather conditions,Fatal,2,5,"Gas Emission incident at Opencast Coal mine. Cause: Weather conditions. Location: Jharkhand, Talcher. 2 fatalities reported. 5 injuries reported. Investigation ongoing by DGMS authorities."
DGMS-2018-038,2018-08-30,2018,8,Assam,Sundergarh,ASS-Mine-77,Manganese,Explosion,Equipment malfunction,Minor,0,0,"Explosion incident at Iron Ore mine. Cause: Equipment malfunction. Location: Assam, Ranchi. Investigation ongoing by DGMS authorities."
DGMS-2018-037,2018-09-01,2018,9,Odisha,Asansol,ODI-Mine-28,Manganese,Inundation,Structural weakness,Fatal,2,7,"Inundation incident at Manganese mine. Cause: Structural weakness. Location: Odisha, Korba. 2 fatalities reported. 7 injuries reported. Investigation ongoing by DGMS authorities."
DGMS-2018-048,2018-09-15,2018,9,Chhattisgarh,Asansol,CHH-Mine-03,Iron Ore,Fire,Structural weakness,Minor,0,0,"Fire incident at Iron Ore mine. Cause: Structural weakness. Location: Chhattisgarh, Dhanbad. Investigation ongoing by DGMS authorities."
DGMS-2018-024,2018-09-16,2018,9,Odisha,Korba,ODI-Mine-45,Opencast Coal,Fall of Person,Methane buildup,Fatal,1,2,"Fall of Person incident at Iron Ore mine. Cause: Methane buildup. Location: Odisha, Korba. 1 fatalities reported. 2 injuries reported. Investigation ongoing by DGMS authorities."
DGMS-2018-079,2018-09-27,2018,9,Chhattisgarh,Talcher,CHH-Mine-65,Limestone,Roof/Side Fall,Inadequate training,Serious,0,13,"Roof/Side Fall incident at Underground Coal mine. Cause: Inadequate training. Location: Chhattisgarh, Asansol. 13 injuries reported. Investigation ongoing by DGMS authorities."
DGMS-2018-057,2018-10-11,2018,10,West Bengal,Korba,WES-Mine-11,Underground Coal,Transport/Haulage,Human error,Serious,0,5,"Transport/Haulage incident at Iron Ore mine. Cause: Human error. Location: West Bengal, Dhanbad. 5 injuries reported. Investigation ongoing by DGMS authorities."
DGMS-2018-007,2018-10-13,2018,10,Madhya Pradesh,Korba,MAD-Mine-60,Limestone,Inundation,Poor ventilation,Minor,0,0,"Inundation incident at Opencast Coal mine. Cause: Poor ventilation. Location: Madhya Pradesh, Dhanbad. Investigation ongoing by DGMS authorities."
DGMS-2018-021,2018-11-06,2018,11,Jharkhand,Talcher,JHA-Mine-80,Underground Coal,Electrical,Equipment failure,Minor,0,2,"Electrical incident at Manganese mine. Cause: Equipment failure. Location: Jharkhand, Dhanbad. 2 injuries reported. Investigation ongoing by DGMS authorities."
DGMS-2018-028,2018-11-19,2018,11,Jharkhand,Dhanbad,JHA-Mine-05,Iron Ore,Transport/Haulage,Inadequate training,Minor,0,2,"Transport/Haulage incident at Opencast Coal mine. Cause: Inadequate training. Location: Jharkhand, Ranchi. 2 injuries reported. Investigation ongoing by DGMS authorities."
DGMS-2018-074,2018-11-24,2018,11,Madhya Pradesh,Korba,MAD-Mine-46,Underground Coal,Fall of Person,Inadequate training,Minor,0,0,"Fall of Person incident at Limestone mine. Cause: Inadequate training. Location: Madhya Pradesh, Singrauli. Investigation ongoing by DGMS authorities."
DGMS-2018-052,2018-11-28,2018,11,Assam,Asansol,ASS-Mine-75,Opencast Coal,Collapse,Poor ventilation,Fatal,1,6,"Collapse incident at Iron Ore mine. Cause: Poor ventilation. Location: Assam, Talcher. 1 fatalities reported. 6 injuries reported. Investigation ongoing by DGMS authorities."
DGMS-2018-011,2018-12-12,2018,12,Odisha,Singrauli,ODI-Mine-59,Underground Coal,Machinery,Inadequate training,Serious,0,4,"Machinery incident at Underground Coal mine. Cause: Inadequate training. Location: Odisha, Ranchi. 4 injuries reported. Investigation ongoing by DGMS authorities."
DGMS-2018-003,2018-12-18,2018,12,West Bengal,Sundergarh,WES-Mine-51,Manganese,Explosion,Safety protocol violation,Serious,0,12,"Explosion incident at Limestone mine. Cause: Safety protocol violation. Location: West Bengal, Dhanbad. 12 injuries reported. Investigation ongoing by DGMS authorities."
DGMS-2018-053,2018-12-23,2018,12,Madhya Pradesh,Dhanbad,MAD-Mine-33,Limestone,Inundation,Inadequate support,Serious,0,8,"Inundation incident at Iron Ore mine. Cause: Inadequate support. Location: Madhya Pradesh, Asansol. 8 injuries reported. Investigation ongoing by DGMS authorities."
DGMS-2019-087,2019-01-12,2019,1,Assam,Talcher,ASS-Mine-13,Manganese,Roof/Side Fall,Inadequate training,Serious,0,7,"Roof/Side Fall incident at Manganese mine. Cause: Inadequate training. Location: Assam, Ranchi. 7 injuries reported. Investigation ongoing by DGMS authorities."
DGMS-2019-093,2019-01-25,2019,1,Jharkhand,Asansol,JHA-Mine-74,Underground Coal,Fire,Structural weakness,Minor,0,2,"Fire incident at Opencast Coal mine. Cause: Structural weakness. Location: Jharkhand, Ranchi. 2 injuries reported. Investigation ongoing by DGMS authorities."
DGMS-2019-093,2019-01-30,2019,1,Madhya Pradesh,Korba,MAD-Mine-03,Underground Coal,Fire,Inadequate training,Minor,0,2,"Fire incident at Manganese mine. Cause: Inadequate training. Location: Madhya Pradesh, Dhanbad. 2 injuries reported. Investigation ongoing by DGMS authorities."
DGMS-2019-005,2019-02-07,2019,2,Madhya Pradesh,Singrauli,MAD-Mine-25,Manganese,Fire,Equipment failure,Minor,0,1,"Fire incident at Iron Ore mine. Cause: Equipment failure. Location: Madhya Pradesh, Dhanbad. 1 injuries reported. Investigation ongoing by DGMS authorities."
DGMS-2019-099,2019-02-08,2019,2,Madhya Pradesh,Singrauli,MAD-Mine-24,Opencast Coal,Roof/Side Fall,Equipment failure,Minor,0,2,"Roof/Side Fall incident at Limestone mine. Cause: Equipment failure. Location: Madhya Pradesh, Ranchi. 2 injuries reported. Investigation ongoing by DGMS authorities."
DGMS-2019-005,2019-02-10,2019,2,Chhattisgarh,Talcher,CHH-Mine-03,Opencast Coal,Fire,Methane buildup,Serious,0,6,"Fire incident at Manganese mine. Cause: Methane buildup. Location: Chhattisgarh, Talcher. 6 injuries reported. Investigation ongoing by DGMS authorities."
DGMS-2019-094,2019-02-15,2019,2,West Bengal,Asansol,WES-Mine-47,Limestone,Electrical,Human error,Minor,0,2,"Electrical incident at Manganese mine. Cause: Human error. Location: West Bengal, Asansol. 2 injuries reported. Investigation ongoing by DGMS authorities."
DGMS-2019-094,2019-03-24,2019,3,Chhattisgarh,Sundergarh,CHH-Mine-15,Manganese,Collapse,Equipment failure,Serious,0,11,"Collapse incident at Opencast Coal mine. Cause: Equipment failure. Location: Chhattisgarh, Singrauli. 11 injuries reported. Investigation ongoing by DGMS authorities."
DGMS-2019-040,2019-04-08,2019,4,Madhya Pradesh,Talcher,MAD-Mine-42,Opencast Coal,Collapse,Weather conditions,Fatal,2,3,"Collapse incident at Iron Ore mine. Cause: Weather conditions. Location: Madhya Pradesh, Talcher. 2 fatalities reported. 3 injuries reported. Investigation ongoing by DGMS authorities."
DGMS-2019-057,2019-04-29,2019,4,Jharkhand,Asansol,JHA-Mine-32,Manganese,Machinery,Poor ventilation,Serious,0,9,"Machinery incident at Opencast Coal mine. Cause: Poor ventilation. Location: Jharkhand, Korba. 9 injuries reported. Investigation ongoing by DGMS authorities."
DGMS-2019-029,2019-04-30,2019,4,West Bengal,Dhanbad,WES-Mine-37,Manganese,Transport/Haulage,Structural weakness,Minor,0,0,"Transport/Haulage incident at Iron Ore mine. Cause: Structural weakness. Location: West Bengal, Korba. Investigation ongoing by DGMS authorities."
DGMS-2019-002,2019-04-30,2019,4,West Bengal,Dhanbad,WES-Mine-49,Iron Ore,Collapse,Structural weakness,Minor,0,0,"Collapse incident at Manganese mine. Cause: Structural weakness. Location: West Bengal, Korba. Investigation ongoing by DGMS authorities."
DGMS-2019-054,2019-05-02,2019,5,Madhya Pradesh,Talcher,MAD-Mine-71,Underground Coal,Roof/Side Fall,Structural weakness,Fatal,1,2,"Roof/Side Fall incident at Limestone mine. Cause: Structural weakness. Location: Madhya Pradesh, Dhanbad. 1 fatalities reported. 2 injuries reported. Investigation ongoing by DGMS authorities."
DGMS-2019-036,2019-05-03,2019,5,Jharkhand,Sundergarh,JHA-Mine-98,Limestone,Electrical,Weather conditions,Minor,0,1,"Electrical incident at Manganese mine. Cause: Weather conditions. Location: Jharkhand, Sundergarh. 1 injuries reported. Investigation ongoing by DGMS authorities."
DGMS-2019-088,2019-05-28,2019,5,Odisha,Ranchi,ODI-Mine-72,Underground Coal,Electrical,Equipment malfunction,Serious,0,9,"Electrical incident at Underground Coal mine. Cause: Equipment malfunction. Location: Odisha, Asansol. 9 injuries reported. Investigation ongoing by DGMS authorities."
DGMS-2019-041,2019-05-28,2019,5,Assam,Ranchi,ASS-Mine-48,Manganese,Fire,Poor ventilation,Fatal,1,5,"Fire incident at Limestone mine. Cause: Poor ventilation. Location: Assam, Ranchi. 1 fatalities reported. 5 injuries reported. Investigation ongoing by DGMS authorities."
DGMS-2019-042,2019-06-01,2019,6,Jharkhand,Sundergarh,JHA-Mine-70,Iron Ore,Electrical,Inadequate support,Fatal,1,0,"Electrical incident at Limestone mine. Cause: Inadequate support. Location: Jharkhand, Asansol. 1 fatalities reported. Investigation ongoing by DGMS authorities."
DGMS-2019-061,2019-06-03,2019,6,Odisha,Dhanbad,ODI-Mine-85,Iron Ore,Transport/Haulage,Inadequate training,Minor,0,1,"Transport/Haulage incident at Opencast Coal mine. Cause: Inadequate training. Location: Odisha, Singrauli. 1 injuries reported. Investigation ongoing by DGMS authorities."
DGMS-2019-068,2019-06-06,2019,6,West Bengal,Singrauli,WES-Mine-80,Opencast Coal,Fall of Person,Equipment malfunction,Fatal,2,3,"Fall of Person incident at Iron Ore mine. Cause: Equipment malfunction. Location: West Bengal, Singrauli. 2 fatalities reported. 3 injuries reported. Investigation ongoing by DGMS authorities."
DGMS-2019-052,2019-06-13,2019,6,Assam,Ranchi,ASS-Mine-88,Iron Ore,Gas Emission,Structural weakness,Serious,0,9,"Gas Emission incident at Manganese mine. Cause: Structural weakness. Location: Assam, Asansol. 9 injuries reported. Investigation ongoing by DGMS authorities."
DGMS-2019-008,2019-07-11,2019,7,Assam,Asansol,ASS-Mine-14,Opencast Coal,Fire,Human error,Fatal,1,5,"Fire incident at Manganese mine. Cause: Human error. Location: Assam, Singrauli. 1 fatalities reported. 5 injuries reported. Investigation ongoing by DGMS authorities."
DGMS-2019-065,2019-07-15,2019,7,Madhya Pradesh,Singrauli,MAD-Mine-87,Opencast Coal,Roof/Side Fall,Equipment failure,Serious,0,2,"Roof/Side Fall incident at Opencast Coal mine. Cause: Equipment failure. Location: Madhya Pradesh, Korba. 2 injuries reported. Investigation ongoing by DGMS authorities."
DGMS-2019-039,2019-08-05,2019,8,West Bengal,Asansol,WES-Mine-89,Manganese,Roof/Side Fall,Weather conditions,Minor,0,2,"Roof/Side Fall incident at Manganese mine. Cause: Weather conditions. Location: West Bengal, Sundergarh. 2 injuries reported. Investigation ongoing by DGMS authorities."
DGMS-2019-018,2019-08-05,2019,8,Chhattisgarh,Singrauli,CHH-Mine-98,Underground Coal,Explosion,Human error,Serious,0,4,"Explosion incident at Iron Ore mine. Cause: Human error. Location: Chhattisgarh, Dhanbad. 4 injuries reported. Investigation ongoing by DGMS authorities."
DGMS-2019-055,2019-08-17,2019,8,West Bengal,Ranchi,WES-Mine-19,Iron Ore,Explosion,Structural weakness,Minor,0,1,"Explosion incident at Iron Ore mine. Cause: Structural weakness. Location: West Bengal, Ranchi. 1 injuries reported. Investigation ongoing by DGMS authorities."
DGMS-2019-060,2019-08-17,2019,8,Assam,Asansol,ASS-Mine-55,Iron Ore,Fire,Inadequate training,Minor,0,2,"Fire incident at Manganese mine. Cause: Inadequate training. Location: Assam, Talcher. 2 injuries reported. Investigation ongoing by DGMS authorities."
DGMS-2019-037,2019-08-19,2019,8,Madhya Pradesh,Talcher,MAD-Mine-91,Limestone,Roof/Side Fall,Methane buildup,Minor,0,1,"Roof/Side Fall incident at Limestone mine. Cause: Methane buildup. Location: Madhya Pradesh, Korba. 1 injuries reported. Investigation ongoing by DGMS authorities."
DGMS-2019-077,2019-08-20,2019,8,Assam,Dhanbad,ASS-Mine-89,Manganese,Inundation,Inadequate support,Minor,0,1,"Inundation incident at Underground Coal mine. Cause: Inadequate support. Location: Assam, Dhanbad. 1 injuries reported. Investigation ongoing by DGMS authorities."
DGMS-2019-073,2019-09-10,2019,9,Chhattisgarh,Asansol,CHH-Mine-09,Limestone,Roof/Side Fall,Poor ventilation,Serious,0,5,"Roof/Side Fall incident at Manganese mine. Cause: Poor ventilation. Location: Chhattisgarh, Dhanbad. 5 injuries reported. Investigation ongoing by DGMS authorities."
DGMS-2019-060,2019-09-15,2019,9,West Bengal,Korba,WES-Mine-90,Opencast Coal,Electrical,Poor ventilation,Minor,0,1,"Electrical incident at Opencast Coal mine. Cause: Poor ventilation. Location: West Bengal, Korba. 1 injuries reported. Investigation ongoing by DGMS authorities."
DGMS-2019-075,2019-09-26,2019,9,Assam,Talcher,ASS-Mine-90,Iron Ore,Transport/Haulage,Structural weakness,Fatal,2,7,"Transport/Haulage incident at Opencast Coal mine. Cause: Structural weakness. Location: Assam, Dhanbad. 2 fatalities reported. 7 injuries reported. Investigation ongoing by DGMS authorities."
DGMS-2019-026,2019-09-30,2019,9,Madhya Pradesh,Talcher,MAD-Mine-52,Iron Ore,Inundation,Inadequate support,Minor,0,0,"Inundation incident at Manganese mine. Cause: Inadequate support. Location: Madhya Pradesh, Asansol. Investigation ongoing by DGMS authorities."
DGMS-2019-021,2019-10-01,2019,10,West Bengal,Talcher,WES-Mine-82,Underground Coal,Fall of Person,Human error,Minor,0,2,"Fall of Person incident at Underground Coal mine. Cause: Human error. Location: West Bengal, Dhanbad. 2 injuries reported. Investigation ongoing by DGMS authorities."
DGMS-2019-094,2019-10-08,2019,10,West Bengal,Korba,WES-Mine-27,Manganese,Roof/Side Fall,Inadequate support,Serious,0,9,"Roof/Side Fall incident at Limestone mine. Cause: Inadequate support. Location: West Bengal, Asansol. 9 injuries reported. Investigation ongoing by DGMS authorities."
DGMS-2019-067,2019-10-09,2019,10,Assam,Singrauli,ASS-Mine-78,Iron Ore,Fire,Poor ventilation,Serious,0,6,"Fire incident at Iron Ore mine. Cause: Poor ventilation. Location: Assam, Sundergarh. 6 injuries reported. Investigation ongoing by DGMS authorities."
DGMS-2019-088,2019-10-12,2019,10,Jharkhand,Korba,JHA-Mine-21,Iron Ore,Fall of Person,Inadequate training,Fatal,2,6,"Fall of Person incident at Underground Coal mine. Cause: Inadequate training. Location: Jharkhand, Singrauli. 2 fatalities reported. 6 injuries reported. Investigation ongoing by DGMS authorities."
DGMS-2019-080,2019-10-18,2019,10,Madhya Pradesh,Sundergarh,MAD-Mine-59,Underground Coal,Roof/Side Fall,Weather conditions,Fatal,1,7,"Roof/Side Fall incident at Underground Coal mine. Cause: Weather conditions. Location: Madhya Pradesh, Asansol. 1 fatalities reported. 7 injuries reported. Investigation ongoing by DGMS authorities."
DGMS-2019-071,2019-10-22,2019,10,Madhya Pradesh,Talcher,MAD-Mine-37,Limestone,Fire,Inadequate support,Minor,0,2,"Fire incident at Opencast Coal mine. Cause: Inadequate support. Location: Madhya Pradesh, Dhanbad. 2 injuries reported. Investigation ongoing by DGMS authorities."
DGMS-2019-051,2019-10-22,2019,10,Jharkhand,Talcher,JHA-Mine-16,Underground Coal,Fire,Poor ventilation,Fatal,1,3,"Fire incident at Limestone mine. Cause: Poor ventilation. Location: Jharkhand, Asansol. 1 fatalities reported. 3 injuries reported. Investigation ongoing by DGMS authorities."
DGMS-2019-005,2019-10-22,2019,10,Chhattisgarh,Ranchi,CHH-Mine-06,Opencast Coal,Roof/Side Fall,Human error,Minor,0,0,"Roof/Side Fall incident at Opencast Coal mine. Cause: Human error. Location: Chhattisgarh, Korba. Investigation ongoing by DGMS authorities."
DGMS-2019-091,2019-11-04,2019,11,Odisha,Dhanbad,ODI-Mine-65,Limestone,Electrical,Poor ventilation,Minor,0,2,"Electrical incident at Limestone mine. Cause: Poor ventilation. Location: Odisha, Asansol. 2 injuries reported. Investigation ongoing by DGMS authorities."
DGMS-2019-015,2019-11-09,2019,11,Jharkhand,Singrauli,JHA-Mine-72,Iron Ore,Fire,Weather conditions,Serious,0,14,"Fire incident at Iron Ore mine. Cause: Weather conditions. Location: Jharkhand, Talcher. 14 injuries reported. Investigation ongoing by DGMS authorities."
DGMS-2019-098,2019-12-01,2019,12,Assam,Talcher,ASS-Mine-54,Iron Ore,Fire,Structural weakness,Fatal,1,1,"Fire incident at Underground Coal mine. Cause: Structural weakness. Location: Assam, Dhanbad. 1 fatalities reported. 1 injuries reported. Investigation ongoing by DGMS authorities."
DGMS-2019-045,2019-12-11,2019,12,West Bengal,Talcher,WES-Mine-81,Opencast Coal,Inundation,Equipment failure,Minor,0,2,"Inundation incident at Opencast Coal mine. Cause: Equipment failure. Location: West Bengal, Sundergarh. 2 injuries reported. Investigation ongoing by DGMS authorities."
DGMS-2019-025,2019-12-16,2019,12,Chhattisgarh,Ranchi,CHH-Mine-82,Opencast Coal,Gas Emission,Equipment failure,Minor,0,1,"Gas Emission incident at Underground Coal mine. Cause: Equipment failure. Location: Chhattisgarh, Asansol. 1 injuries reported. Investigation ongoing by DGMS authorities."
DGMS-2019-069,2019-12-20,2019,12,Assam,Sundergarh,ASS-Mine-47,Limestone,Gas Emission,Safety protocol violation,Minor,0,0,"Gas Emission incident at Underground Coal mine. Cause: Safety protocol violation. Location: Assam, Korba. Investigation ongoing by DGMS authorities."
DGMS-2019-046,2019-12-20,2019,12,Jharkhand,Asansol,JHA-Mine-03,Opencast Coal,Transport/Haulage,Equipment malfunction,Minor,0,1,"Transport/Haulage incident at Manganese mine. Cause: Equipment malfunction. Location: Jharkhand, Ranchi. 1 injuries reported. Investigation ongoing by DGMS authorities."
DGMS-2020-090,2020-01-02,2020,1,Jharkhand,Asansol,JHA-Mine-81,Manganese,Explosion,Inadequate support,Minor,0,2,"Explosion incident at Underground Coal mine. Cause: Inadequate support. Location: Jharkhand, Talcher. 2 injuries reported. Investigation ongoing by DGMS authorities."
DGMS-2020-072,2020-01-13,2020,1,Chhattisgarh,Korba,CHH-Mine-04,Underground Coal,Explosion,Weather conditions,Serious,0,11,"Explosion incident at Iron Ore mine. Cause: Weather conditions. Location: Chhattisgarh, Singrauli. 11 injuries reported. Investigation ongoing by DGMS authorities."
DGMS-2020-006,2020-01-21,2020,1,West Bengal,Talcher,WES-Mine-93,Underground Coal,Roof/Side Fall,Safety protocol violation,Minor,0,1,"Roof/Side Fall incident at Limestone mine. Cause: Safety protocol violation. Location: West Bengal, Ranchi. 1 injuries reported. Investigation ongoing by DGMS authorities."
DGMS-2020-027,2020-01-26,2020,1,Assam,Singrauli,ASS-Mine-19,Manganese,Transport/Haulage,Methane buildup,Minor,0,0,"Transport/Haulage incident at Iron Ore mine. Cause: Methane buildup. Location: Assam, Talcher. Investigation ongoing by DGMS authorities."
DGMS-2020-006,2020-02-09,2020,2,West Bengal,Talcher,WES-Mine-48,Limestone,Inundation,Equipment malfunction,Minor,0,1,"Inundation incident at Limestone mine. Cause: Equipment malfunction. Location: West Bengal, Singrauli. 1 injuries reported. Investigation ongoing by DGMS authorities."
DGMS-2020-064,2020-03-15,2020,3,Odisha,Sundergarh,ODI-Mine-58,Manganese,Fire,Structural weakness,Minor,0,2,"Fire incident at Opencast Coal mine. Cause: Structural weakness. Location: Odisha, Sundergarh. 2 injuries reported. Investigation ongoing by DGMS authorities."
DGMS-2020-049,2020-03-28,2020,3,Jharkhand,Singrauli,JHA-Mine-13,Iron Ore,Roof/Side Fall,Methane buildup,Minor,0,2,"Roof/Side Fall incident at Limestone mine. Cause: Methane buildup. Location: Jharkhand, Dhanbad. 2 injuries reported. Investigation ongoing by DGMS authorities."
DGMS-2020-011,2020-03-29,2020,3,Assam,Sundergarh,ASS-Mine-21,Manganese,Transport/Haulage,Safety protocol violation,Serious,0,13,"Transport/Haulage incident at Opencast Coal mine. Cause: Safety protocol violation. Location: Assam, Singrauli. 13 injuries reported. Investigation ongoing by DGMS authorities."
DGMS-2020-098,2020-04-05,2020,4,West Bengal,Asansol,WES-Mine-99,Manganese,Explosion,Methane buildup,Minor,0,2,"Explosion incident at Limestone mine. Cause: Methane buildup. Location: West Bengal, Talcher. 2 injuries reported. Investigation ongoing by DGMS authorities."
DGMS-2020-088,2020-04-19,2020,4,West Bengal,Korba,WES-Mine-30,Iron Ore,Electrical,Weather conditions,Minor,0,1,"Electrical incident at Manganese mine. Cause: Weather conditions. Location: West Bengal, Singrauli. 1 injuries reported. Investigation ongoing by DGMS authorities."
DGMS-2020-081,2020-04-23,2020,4,Assam,Korba,ASS-Mine-72,Manganese,Explosion,Methane buildup,Serious,0,11,"Explosion incident at Limestone mine. Cause: Methane buildup. Location: Assam, Sundergarh. 11 injuries reported. Investigation ongoing by DGMS authorities."
DGMS-2020-092,2020-04-26,2020,4,Jharkhand,Sundergarh,JHA-Mine-68,Opencast Coal,Roof/Side Fall,Safety protocol violation,Serious,0,7,"Roof/Side Fall incident at Limestone mine. Cause: Safety protocol violation. Location: Jharkhand, Singrauli. 7 injuries reported. Investigation ongoing by DGMS authorities."
DGMS-2020-014,2020-05-16,2020,5,West Bengal,Talcher,WES-Mine-62,Underground Coal,Fire,Equipment malfunction,Minor,0,1,"Fire incident at Limestone mine. Cause: Equipment malfunction. Location: West Bengal, Dhanbad. 1 injuries reported. Investigation ongoing by DGMS authorities."
DGMS-2020-087,2020-05-23,2020,5,Assam,Ranchi,ASS-Mine-76,Iron Ore,Transport/Haulage,Inadequate training,Minor,0,1,"Transport/Haulage incident at Iron Ore mine. Cause: Inadequate training. Location: Assam, Dhanbad. 1 injuries reported. Investigation ongoing by DGMS authorities."
DGMS-2020-032,2020-05-26,2020,5,Assam,Ranchi,ASS-Mine-98,Underground Coal,Transport/Haulage,Equipment failure,Minor,0,2,"Transport/Haulage incident at Manganese mine. Cause: Equipment failure. Location: Assam, Singrauli. 2 injuries reported. Investigation ongoing by DGMS authorities."
DGMS-2020-086,2020-06-07,2020,6,Jharkhand,Singrauli,JHA-Mine-35,Underground Coal,Roof/Side Fall,Weather conditions,Serious,0,5,"Roof/Side Fall incident at Iron Ore mine. Cause: Weather conditions. Location: Jharkhand, Talcher. 5 injuries reported. Investigation ongoing by DGMS authorities."
DGMS-2020-072,2020-06-09,2020,6,Madhya Pradesh,Ranchi,MAD-Mine-85,Manganese,Roof/Side Fall,Equipment failure,Minor,0,2,"Roof/Side Fall incident at Iron Ore mine. Cause: Equipment failure. Location: Madhya Pradesh, Singrauli. 2 injuries reported. Investigation ongoing by DGMS authorities."
DGMS-2020-069,2020-06-16,2020,6,Jharkhand,Korba,JHA-Mine-01,Underground Coal,Roof/Side Fall,Poor ventilation,Serious,0,14,"Roof/Side Fall incident at Limestone mine. Cause: Poor ventilation. Location: Jharkhand, Sundergarh. 14 injuries reported. Investigation ongoing by DGMS authorities."
DGMS-2020-039,2020-06-30,2020,6,Assam,Ranchi,ASS-Mine-35,Opencast Coal,Roof/Side Fall,Equipment failure,Fatal,3,4,"Roof/Side Fall incident at Manganese mine. Cause: Equipment failure. Location: Assam, Sundergarh. 3 fatalities reported. 4 injuries reported. Investigation ongoing by DGMS authorities."
DGMS-2020-067,2020-07-04,2020,7,Jharkhand,Dhanbad,JHA-Mine-28,Opencast Coal,Fire,Inadequate support,Minor,0,2,"Fire incident at Underground Coal mine. Cause: Inadequate support. Location: Jharkhand, Sundergarh. 2 injuries reported. Investigation ongoing by DGMS authorities."
DGMS-2020-047,2020-07-07,2020,7,West Bengal,Korba,WES-Mine-10,Manganese,Gas Emission,Poor ventilation,Minor,0,0,"Gas Emission incident at Manganese mine. Cause: Poor ventilation. Location: West Bengal, Dhanbad. Investigation ongoing by DGMS authorities."
DGMS-2020-078,2020-07-12,2020,7,Jharkhand,Korba,JHA-Mine-25,Underground Coal,Roof/Side Fall,Safety protocol violation,Serious,0,10,"Roof/Side Fall incident at Opencast Coal mine. Cause: Safety protocol violation. Location: Jharkhand, Singrauli. 10 injuries reported. Investigation ongoing by DGMS authorities."
DGMS-2020-019,2020-07-26,2020,7,Assam,Sundergarh,ASS-Mine-28,Iron Ore,Fire,Human error,Minor,0,1,"Fire incident at Iron Ore mine. Cause: Human error. Location: Assam, Talcher. 1 injuries reported. Investigation ongoing by DGMS authorities."
DGMS-2020-098,2020-08-06,2020,8,West Bengal,Korba,WES-Mine-65,Underground Coal,Explosion,Inadequate training,Serious,0,7,"Explosion incident at Manganese mine. Cause: Inadequate training. Location: West Bengal, Korba. 7 injuries reported. Investigation ongoing by DGMS authorities."
DGMS-2020-089,2020-08-08,2020,8,Jharkhand,Korba,JHA-Mine-98,Iron Ore,Transport/Haulage,Structural weakness,Serious,0,13,"Transport/Haulage incident at Opencast Coal mine. Cause: Structural weakness. Location: Jharkhand, Singrauli. 13 injuries reported. Investigation ongoing by DGMS authorities."
DGMS-2020-024,2020-08-09,2020,8,West Bengal,Sundergarh,WES-Mine-72,Limestone,Electrical,Structural weakness,Minor,0,2,"Electrical incident at Underground Coal mine. Cause: Structural weakness. Location: West Bengal, Korba. 2 injuries reported. Investigation ongoing by DGMS authorities."
DGMS-2020-064,2020-08-10,2020,8,Chhattisgarh,Singrauli,CHH-Mine-15,Manganese,Fire,Equipment malfunction,Serious,0,8,"Fire incident at Underground Coal mine. Cause: Equipment malfunction. Location: Chhattisgarh, Talcher. 8 injuries reported. Investigation ongoing by DGMS authorities."
DGMS-2020-003,2020-08-20,2020,8,West Bengal,Sundergarh,WES-Mine-02,Iron Ore,Gas Emission,Poor ventilation,Minor,0,2,"Gas Emission incident at Iron Ore mine. Cause: Poor ventilation. Location: West Bengal, Ranchi. 2 injuries reported. Investigation ongoing by DGMS authorities."
DGMS-2020-019,2020-08-22,2020,8,West Bengal,Talcher,WES-Mine-38,Manganese,Fall of Person,Inadequate training,Minor,0,2,"Fall of Person incident at Iron Ore mine. Cause: Inadequate training. Location: West Bengal, Dhanbad. 2 injuries reported. Investigation ongoing by DGMS authorities."
DGMS-2020-014,2020-08-27,2020,8,West Bengal,Asansol,WES-Mine-27,Underground Coal,Fall of Person,Poor ventilation,Minor,0,1,"Fall of Person incident at Opencast Coal mine. Cause: Poor ventilation. Location: West Bengal, Singrauli. 1 injuries reported. Investigation ongoing by DGMS authorities."
DGMS-2020-033,2020-09-01,2020,9,Odisha,Ranchi,ODI-Mine-07,Underground Coal,Gas Emission,Inadequate training,Minor,0,2,"Gas Emission incident at Manganese mine. Cause: Inadequate training. Location: Odisha, Korba. 2 injuries reported. Investigation ongoing by DGMS authorities."
DGMS-2020-062,2020-09-11,2020,9,Odisha,Korba,ODI-Mine-11,Iron Ore,Collapse,Weather conditions,Minor,0,2,"Collapse incident at Underground Coal mine. Cause: Weather conditions. Location: Odisha, Asansol. 2 injuries reported. Investigation ongoing by DGMS authorities."
DGMS-2020-095,2020-10-01,2020,10,West Bengal,Korba,WES-Mine-02,Underground Coal,Collapse,Equipment failure,Minor,0,1,"Collapse incident at Opencast Coal mine. Cause: Equipment failure. Location: West Bengal, Talcher. 1 injuries reported. Investigation ongoing by DGMS authorities."
DGMS-2020-024,2020-10-14,2020,10,Assam,Ranchi,ASS-Mine-32,Underground Coal,Roof/Side Fall,Inadequate training,Minor,0,2,"Roof/Side Fall incident at Manganese mine. Cause: Inadequate training. Location: Assam, Sundergarh. 2 injuries reported. Investigation ongoing by DGMS authorities."
DGMS-2020-013,2020-10-23,2020,10,Chhattisgarh,Singrauli,CHH-Mine-28,Opencast Coal,Fire,Safety protocol violation,Fatal,2,6,"Fire incident at Iron Ore mine. Cause: Safety protocol violation. Location: Chhattisgarh, Sundergarh. 2 fatalities reported. 6 injuries reported. Investigation ongoing by DGMS authorities."
DGMS-2020-034,2020-11-11,2020,11,Chhattisgarh,Sundergarh,CHH-Mine-13,Manganese,Inundation,Inadequate support,Serious,0,10,"Inundation incident at Underground Coal mine. Cause: Inadequate support. Location: Chhattisgarh, Sundergarh. 10 injuries reported. Investigation ongoing by DGMS authorities."
DGMS-2020-031,2020-11-13,2020,11,Chhattisgarh,Asansol,CHH-Mine-04,Limestone,Transport/Haulage,Equipment malfunction,Minor,0,1,"Transport/Haulage incident at Limestone mine. Cause: Equipment malfunction. Location: Chhattisgarh, Talcher. 1 injuries reported. Investigation ongoing by DGMS authorities."
DGMS-2020-053,2020-11-18,2020,11,West Bengal,Singrauli,WES-Mine-39,Limestone,Roof/Side Fall,Equipment malfunction,Serious,0,8,"Roof/Side Fall incident at Limestone mine. Cause: Equipment malfunction. Location: West Bengal, Sundergarh. 8 injuries reported. Investigation ongoing by DGMS authorities."
DGMS-2020-066,2020-11-22,2020,11,Chhattisgarh,Talcher,CHH-Mine-59,Iron Ore,Roof/Side Fall,Structural weakness,Minor,0,1,"Roof/Side Fall incident at Iron Ore mine. Cause: Structural weakness. Location: Chhattisgarh, Sundergarh. 1 injuries reported. Investigation ongoing by DGMS authorities."
DGMS-2020-077,2020-11-27,2020,11,Assam,Asansol,ASS-Mine-12,Opencast Coal,Machinery,Weather conditions,Serious,0,6,"Machinery incident at Opencast Coal mine. Cause: Weather conditions. Location: Assam, Dhanbad. 6 injuries reported. Investigation ongoing by DGMS authorities."
DGMS-2020-085,2020-11-28,2020,11,Odisha,Ranchi,ODI-Mine-14,Opencast Coal,Inundation,Equipment failure,Minor,0,0,"Inundation incident at Iron Ore mine. Cause: Equipment failure. Location: Odisha, Asansol. Investigation ongoing by DGMS authorities."
DGMS-2020-022,2020-12-07,2020,12,Odisha,Korba,ODI-Mine-16,Opencast Coal,Fall of Person,Equipment malfunction,Serious,0,9,"Fall of Person incident at Iron Ore mine. Cause: Equipment malfunction. Location: Odisha, Talcher. 9 injuries reported. Investigation ongoing by DGMS authorities."
DGMS-2020-092,2020-12-15,2020,12,Chhattisgarh,Korba,CHH-Mine-56,Limestone,Roof/Side Fall,Methane buildup,Fatal,2,3,"Roof/Side Fall incident at Manganese mine. Cause: Methane buildup. Location: Chhattisgarh, Ranchi. 2 fatalities reported. 3 injuries reported. Investigation ongoing by DGMS authorities."
DGMS-2020-004,2020-12-16,2020,12,Jharkhand,Dhanbad,JHA-Mine-36,Underground Coal,Inundation,Weather conditions,Minor,0,1,"Inundation incident at Manganese mine. Cause: Weather conditions. Location: Jharkhand, Singrauli. 1 injuries reported. Investigation ongoing by DGMS authorities."
DGMS-2020-054,2020-12-19,2020,12,Chhattisgarh,Korba,CHH-Mine-74,Limestone,Explosion,Poor ventilation,Minor,0,1,"Explosion incident at Iron Ore mine. Cause: Poor ventilation. Location: Chhattisgarh, Sundergarh. 1 injuries reported. Investigation ongoing by DGMS authorities."
DGMS-2021-058,2021-01-26,2021,1,Madhya Pradesh,Korba,MAD-Mine-57,Opencast Coal,Transport/Haulage,Human error,Serious,0,6,"Transport/Haulage incident at Iron Ore mine. Cause: Human error. Location: Madhya Pradesh, Sundergarh. 6 injuries reported. Investigation ongoing by DGMS authorities."
DGMS-2021-017,2021-01-27,2021,1,Odisha,Dhanbad,ODI-Mine-59,Underground Coal,Explosion,Methane buildup,Minor,0,1,"Explosion incident at Manganese mine. Cause: Methane buildup. Location: Odisha, Dhanbad. 1 injuries reported. Investigation ongoing by DGMS authorities."
DGMS-2021-010,2021-02-06,2021,2,Assam,Singrauli,ASS-Mine-91,Iron Ore,Electrical,Poor ventilation,Serious,0,1,"Electrical incident at Iron Ore mine. Cause: Poor ventilation. Location: Assam, Korba. 1 injuries reported. Investigation ongoing by DGMS authorities."
DGMS-2021-001,2021-02-09,2021,2,Odisha,Sundergarh,ODI-Mine-15,Limestone,Fire,Inadequate support,Minor,0,1,"Fire incident at Iron Ore mine. Cause: Inadequate support. Location: Odisha, Singrauli. 1 injuries reported. Investigation ongoing by DGMS authorities."
DGMS-2021-073,2021-03-02,2021,3,Odisha,Asansol,ODI-Mine-82,Limestone,Collapse,Equipment failure,Serious,0,13,"Collapse incident at Iron Ore mine. Cause: Equipment failure. Location: Odisha, Asansol. 13 injuries reported. Investigation ongoing by DGMS authorities."
DGMS-2021-012,2021-03-26,2021,3,Madhya Pradesh,Asansol,MAD-Mine-53,Opencast Coal,Transport/Haulage,Equipment malfunction,Minor,0,0,"Transport/Haulage incident at Opencast Coal mine. Cause: Equipment malfunction. Location: Madhya Pradesh, Asansol. Investigation ongoing by DGMS authorities."
DGMS-2021-010,2021-04-04,2021,4,Odisha,Asansol,ODI-Mine-37,Underground Coal,Inundation,Equipment failure,Minor,0,2,"Inundation incident at Limestone mine. Cause: Equipment failure. Location: Odisha, Korba. 2 injuries reported. Investigation ongoing by DGMS authorities."
DGMS-2021-032,2021-04-13,2021,4,Odisha,Talcher,ODI-Mine-21,Opencast Coal,Transport/Haulage,Structural weakness,Minor,0,2,"Transport/Haulage incident at Manganese mine. Cause: Structural weakness. Location: Odisha, Singrauli. 2 injuries reported. Investigation ongoing by DGMS authorities."
DGMS-2021-087,2021-04-19,2021,4,Jharkhand,Talcher,JHA-Mine-45,Opencast Coal,Gas Emission,Equipment failure,Minor,0,1,"Gas Emission incident at Iron Ore mine. Cause: Equipment failure. Location: Jharkhand, Dhanbad. 1 injuries reported. Investigation ongoing by DGMS authorities."
DGMS-2021-075,2021-05-22,2021,5,Chhattisgarh,Dhanbad,CHH-Mine-86,Iron Ore,Gas Emission,Equipment malfunction,Minor,0,0,"Gas Emission incident at Underground Coal mine. Cause: Equipment malfunction. Location: Chhattisgarh, Talcher. Investigation ongoing by DGMS authorities."
DGMS-2021-038,2021-05-28,2021,5,Madhya Pradesh,Dhanbad,MAD-Mine-58,Opencast Coal,Fall of Person,Weather conditions,Serious,0,10,"Fall of Person incident at Limestone mine. Cause: Weather conditions. Location: Madhya Pradesh, Asansol. 10 injuries reported. Investigation ongoing by DGMS authorities."
DGMS-2021-061,2021-06-12,2021,6,Madhya Pradesh,Korba,MAD-Mine-74,Iron Ore,Electrical,Weather conditions,Minor,0,1,"Electrical incident at Iron Ore mine. Cause: Weather conditions. Location: Madhya Pradesh, Sundergarh. 1 injuries reported. Investigation ongoing by DGMS authorities."
DGMS-2021-076,2021-06-16,2021,6,Jharkhand,Dhanbad,JHA-Mine-19,Manganese,Electrical,Weather conditions,Fatal,1,1,"Electrical incident at Limestone mine. Cause: Weather conditions. Location: Jharkhand, Dhanbad. 1 fatalities reported. 1 injuries reported. Investigation ongoing by DGMS authorities."
DGMS-2021-030,2021-06-21,2021,6,Jharkhand,Ranchi,JHA-Mine-37,Manganese,Electrical,Human error,Serious,0,1,"Electrical incident at Limestone mine. Cause: Human error. Location: Jharkhand, Sundergarh. 1 injuries reported. Investigation ongoing by DGMS authorities."
DGMS-2021-013,2021-07-13,2021,7,Chhattisgarh,Asansol,CHH-Mine-26,Limestone,Roof/Side Fall,Poor ventilation,Minor,0,0,"Roof/Side Fall incident at Limestone mine. Cause: Poor ventilation. Location: Chhattisgarh, Talcher. Investigation ongoing by DGMS authorities."
DGMS-2021-035,2021-07-23,2021,7,Odisha,Korba,ODI-Mine-29,Underground Coal,Gas Emission,Inadequate training,Fatal,3,4,"Gas Emission incident at Iron Ore mine. Cause: Inadequate training. Location: Odisha, Sundergarh. 3 fatalities reported. 4 injuries reported. Investigation ongoing by DGMS authorities."
DGMS-2021-082,2021-07-29,2021,7,Jharkhand,Asansol,JHA-Mine-08,Underground Coal,Collapse,Safety protocol violation,Serious,0,13,"Collapse incident at Limestone mine. Cause: Safety protocol violation. Location: Jharkhand, Ranchi. 13 injuries reported. Investigation ongoing by DGMS authorities."
DGMS-2021-029,2021-08-12,2021,8,Assam,Asansol,ASS-Mine-25,Underground Coal,Inundation,Human error,Serious,0,8,"Inundation incident at Opencast Coal mine. Cause: Human error. Location: Assam, Singrauli. 8 injuries reported. Investigation ongoing by DGMS authorities."
DGMS-2021-009,2021-08-16,2021,8,Madhya Pradesh,Korba,MAD-Mine-82,Opencast Coal,Explosion,Equipment failure,Minor,0,0,"Explosion incident at Limestone mine. Cause: Equipment failure. Location: Madhya Pradesh, Asansol. Investigation ongoing by DGMS authorities."
DGMS-2021-015,2021-08-30,2021,8,Jharkhand,Dhanbad,JHA-Mine-02,Limestone,Roof/Side Fall,Inadequate training,Minor,0,0,"Roof/Side Fall incident at Underground Coal mine. Cause: Inadequate training. Location: Jharkhand, Dhanbad. Investigation ongoing by DGMS authorities."
DGMS-2021-079,2021-09-03,2021,9,Jharkhand,Dhanbad,JHA-Mine-83,Opencast Coal,Inundation,Human error,Minor,0,2,"Inundation incident at Opencast Coal mine. Cause: Human error. Location: Jharkhand, Talcher. 2 injuries reported. Investigation ongoing by DGMS authorities."
DGMS-2021-028,2021-09-05,2021,9,Jharkhand,Sundergarh,JHA-Mine-04,Iron Ore,Roof/Side Fall,Poor ventilation,Minor,0,1,"Roof/Side Fall incident at Limestone mine. Cause: Poor ventilation. Location: Jharkhand, Asansol. 1 injuries reported. Investigation ongoing by DGMS authorities."
DGMS-2021-016,2021-09-07,2021,9,Odisha,Talcher,ODI-Mine-34,Iron Ore,Electrical,Poor ventilation,Serious,0,2,"Electrical incident at Limestone mine. Cause: Poor ventilation. Location: Odisha, Sundergarh. 2 injuries reported. Investigation ongoing by DGMS authorities."
DGMS-2021-013,2021-09-07,2021,9,Madhya Pradesh,Korba,MAD-Mine-41,Opencast Coal,Machinery,Inadequate support,Serious,0,7,"Machinery incident at Manganese mine. Cause: Inadequate support. Location: Madhya Pradesh, Ranchi. 7 injuries reported. Investigation ongoing by DGMS authorities."
DGMS-2021-033,2021-09-16,2021,9,Jharkhand,Singrauli,JHA-Mine-03,Manganese,Fire,Methane buildup,Serious,0,12,"Fire incident at Limestone mine. Cause: Methane buildup. Location: Jharkhand, Asansol. 12 injuries reported. Investigation ongoing by DGMS authorities."
DGMS-2021-059,2021-09-25,2021,9,Jharkhand,Dhanbad,JHA-Mine-75,Limestone,Transport/Haulage,Structural weakness,Minor,0,1,"Transport/Haulage incident at Iron Ore mine. Cause: Structural weakness. Location: Jharkhand, Talcher. 1 injuries reported. Investigation ongoing by DGMS authorities."
DGMS-2021-052,2021-10-27,2021,10,Chhattisgarh,Ranchi,CHH-Mine-63,Opencast Coal,Gas Emission,Inadequate training,Minor,0,1,"Gas Emission incident at Opencast Coal mine. Cause: Inadequate training. Location: Chhattisgarh, Korba. 1 injuries reported. Investigation ongoing by DGMS authorities."
DGMS-2021-001,2021-11-05,2021,11,Chhattisgarh,Singrauli,CHH-Mine-38,Opencast Coal,Machinery,Poor ventilation,Serious,0,8,"Machinery incident at Opencast Coal mine. Cause: Poor ventilation. Location: Chhattisgarh, Korba. 8 injuries reported. Investigation ongoing by DGMS authorities."
DGMS-2021-071,2021-11-06,2021,11,Chhattisgarh,Korba,CHH-Mine-92,Opencast Coal,Gas Emission,Weather conditions,Minor,0,0,"Gas Emission incident at Limestone mine. Cause: Weather conditions. Location: Chhattisgarh, Sundergarh. Investigation ongoing by DGMS authorities."
DGMS-2021-030,2021-11-29,2021,11,Odisha,Singrauli,ODI-Mine-14,Underground Coal,Collapse,Equipment malfunction,Minor,0,1,"Collapse incident at Limestone mine. Cause: Equipment malfunction. Location: Odisha, Dhanbad. 1 injuries reported. Investigation ongoing by DGMS authorities."
DGMS-2021-056,2021-12-03,2021,12,Odisha,Ranchi,ODI-Mine-15,Opencast Coal,Machinery,Safety protocol violation,Serious,0,7,"Machinery incident at Opencast Coal mine. Cause: Safety protocol violation. Location: Odisha, Singrauli. 7 injuries reported. Investigation ongoing by DGMS authorities."
DGMS-2021-071,2021-12-20,2021,12,Jharkhand,Asansol,JHA-Mine-34,Manganese,Collapse,Methane buildup,Minor,0,1,"Collapse incident at Limestone mine. Cause: Methane buildup. Location: Jharkhand, Korba. 1 injuries reported. Investigation ongoing by DGMS authorities."
DGMS-2022-091,2022-01-01,2022,1,Odisha,Sundergarh,ODI-Mine-70,Iron Ore,Transport/Haulage,Inadequate training,Minor,0,2,"Transport/Haulage incident at Iron Ore mine. Cause: Inadequate training. Location: Odisha, Talcher. 2 injuries reported. Investigation ongoing by DGMS authorities."
DGMS-2022-047,2022-01-13,2022,1,Assam,Sundergarh,ASS-Mine-81,Limestone,Fire,Structural weakness,Serious,0,2,"Fire incident at Iron Ore mine. Cause: Structural weakness. Location: Assam, Sundergarh. 2 injuries reported. Investigation ongoing by DGMS authorities."
DGMS-2022-004,2022-01-23,2022,1,Odisha,Ranchi,ODI-Mine-84,Limestone,Collapse,Weather conditions,Fatal,4,5,"Collapse incident at Opencast Coal mine. Cause: Weather conditions. Location: Odisha, Asansol. 4 fatalities reported. 5 injuries reported. Investigation ongoing by DGMS authorities."
DGMS-2022-050,2022-02-02,2022,2,West Bengal,Talcher,WES-Mine-52,Iron Ore,Gas Emission,Safety protocol violation,Fatal,4,2,"Gas Emission incident at Limestone mine. Cause: Safety protocol violation. Location: West Bengal, Singrauli. 4 fatalities reported. 2 injuries reported. Investigation ongoing by DGMS authorities."
DGMS-2022-023,2022-02-08,2022,2,West Bengal,Korba,WES-Mine-30,Limestone,Collapse,Weather conditions,Fatal,1,5,"Collapse incident at Opencast Coal mine. Cause: Weather conditions. Location: West Bengal, Singrauli. 1 fatalities reported. 5 injuries reported. Investigation ongoing by DGMS authorities."
DGMS-2022-044,2022-02-17,2022,2,Jharkhand,Ranchi,JHA-Mine-82,Opencast Coal,Collapse,Structural weakness,Minor,0,1,"Collapse incident at Underground Coal mine. Cause: Structural weakness. Location: Jharkhand, Singrauli. 1 injuries reported. Investigation ongoing by DGMS authorities."
DGMS-2022-090,2022-02-20,2022,2,Jharkhand,Sundergarh,JHA-Mine-57,Limestone,Fall of Person,Inadequate training,Minor,0,2,"Fall of Person incident at Iron Ore mine. Cause: Inadequate training. Location: Jharkhand, Ranchi. 2 injuries reported. Investigation ongoing by DGMS authorities."
DGMS-2022-017,2022-02-25,2022,2,West Bengal,Asansol,WES-Mine-32,Limestone,Fall of Person,Inadequate training,Serious,0,1,"Fall of Person incident at Manganese mine. Cause: Inadequate training. Location: West Bengal, Sundergarh. 1 injuries reported. Investigation ongoing by DGMS authorities."
DGMS-2022-050,2022-03-05,2022,3,Jharkhand,Ranchi,JHA-Mine-71,Iron Ore,Roof/Side Fall,Poor ventilation,Minor,0,1,"Roof/Side Fall incident at Iron Ore mine. Cause: Poor ventilation. Location: Jharkhand, Singrauli. 1 injuries reported. Investigation ongoing by DGMS authorities."
DGMS-2022-033,2022-03-15,2022,3,Assam,Sundergarh,ASS-Mine-20,Opencast Coal,Transport/Haulage,Poor ventilation,Fatal,4,7,"Transport/Haulage incident at Underground Coal mine. Cause: Poor ventilation. Location: Assam, Dhanbad. 4 fatalities reported. 7 injuries reported. Investigation ongoing by DGMS authorities."
DGMS-2022-065,2022-03-24,2022,3,Assam,Talcher,ASS-Mine-09,Iron Ore,Fire,Human error,Minor,0,0,"Fire incident at Limestone mine. Cause: Human error. Location: Assam, Dhanbad. Investigation ongoing by DGMS authorities."
DGMS-2022-085,2022-04-25,2022,4,Madhya Pradesh,Asansol,MAD-Mine-40,Opencast Coal,Fall of Person,Equipment malfunction,Fatal,1,1,"Fall of Person incident at Limestone mine. Cause: Equipment malfunction. Location: Madhya Pradesh, Ranchi. 1 fatalities reported. 1 injuries reported. Investigation ongoing by DGMS authorities."
DGMS-2022-081,2022-05-13,2022,5,West Bengal,Sundergarh,WES-Mine-31,Manganese,Electrical,Safety protocol violation,Serious,0,7,"Electrical incident at Underground Coal mine. Cause: Safety protocol violation. Location: West Bengal, Talcher. 7 injuries reported. Investigation ongoing by DGMS authorities."
DGMS-2022-085,2022-05-27,2022,5,West Bengal,Korba,WES-Mine-90,Underground Coal,Inundation,Inadequate support,Minor,0,1,"Inundation incident at Underground Coal mine. Cause: Inadequate support. Location: West Bengal, Asansol. 1 injuries reported. Investigation ongoing by DGMS authorities."
DGMS-2022-090,2022-06-01,2022,6,Assam,Talcher,ASS-Mine-15,Underground Coal,Explosion,Structural weakness,Serious,0,8,"Explosion incident at Underground Coal mine. Cause: Structural weakness. Location: Assam, Talcher. 8 injuries reported. Investigation ongoing by DGMS authorities."
DGMS-2022-096,2022-06-07,2022,6,Madhya Pradesh,Talcher,MAD-Mine-60,Iron Ore,Electrical,Inadequate support,Minor,0,1,"Electrical incident at Underground Coal mine. Cause: Inadequate support. Location: Madhya Pradesh, Dhanbad. 1 injuries reported. Investigation ongoing by DGMS authorities."
DGMS-2022-047,2022-06-10,2022,6,Madhya Pradesh,Asansol,MAD-Mine-68,Opencast Coal,Gas Emission,Weather conditions,Serious,0,9,"Gas Emission incident at Underground Coal mine. Cause: Weather conditions. Location: Madhya Pradesh, Ranchi. 9 injuries reported. Investigation ongoing by DGMS authorities."
DGMS-2022-048,2022-07-02,2022,7,Jharkhand,Sundergarh,JHA-Mine-41,Underground Coal,Electrical,Inadequate support,Minor,0,0,"Electrical incident at Limestone mine. Cause: Inadequate support. Location: Jharkhand, Ranchi. Investigation ongoing by DGMS authorities."
DGMS-2022-096,2022-07-29,2022,7,Assam,Asansol,ASS-Mine-31,Underground Coal,Collapse,Human error,Serious,0,4,"Collapse incident at Manganese mine. Cause: Human error. Location: Assam, Asansol. 4 injuries reported. Investigation ongoing by DGMS authorities."
DGMS-2022-041,2022-08-07,2022,8,Odisha,Korba,ODI-Mine-39,Opencast Coal,Fire,Inadequate support,Serious,0,7,"Fire incident at Manganese mine. Cause: Inadequate support. Location: Odisha, Asansol. 7 injuries reported. Investigation ongoing by DGMS authorities."
DGMS-2022-008,2022-08-26,2022,8,Jharkhand,Asansol,JHA-Mine-73,Limestone,Fall of Person,Equipment failure,Minor,0,0,"Fall of Person incident at Underground Coal mine. Cause: Equipment failure. Location: Jharkhand, Sundergarh. Investigation ongoing by DGMS authorities."
DGMS-2022-092,2022-09-04,2022,9,West Bengal,Asansol,WES-Mine-38,Underground Coal,Roof/Side Fall,Human error,Minor,0,1,"Roof/Side Fall incident at Iron Ore mine. Cause: Human error. Location: West Bengal, Korba. 1 injuries reported. Investigation ongoing by DGMS authorities."
DGMS-2022-043,2022-09-27,2022,9,West Bengal,Korba,WES-Mine-68,Iron Ore,Transport/Haulage,Structural weakness,Fatal,1,1,"Transport/Haulage incident at Limestone mine. Cause: Structural weakness. Location: West Bengal, Korba. 1 fatalities reported. 1 injuries reported. Investigation ongoing by DGMS authorities."
DGMS-2022-091,2022-10-02,2022,10,Odisha,Sundergarh,ODI-Mine-07,Manganese,Gas Emission,Weather conditions,Minor,0,2,"Gas Emission incident at Underground Coal mine. Cause: Weather conditions. Location: Odisha, Ranchi. 2 injuries reported. Investigation ongoing by DGMS authorities."
DGMS-2022-080,2022-10-08,2022,10,Odisha,Singrauli,ODI-Mine-33,Manganese,Inundation,Inadequate training,Serious,0,4,"Inundation incident at Iron Ore mine. Cause: Inadequate training. Location: Odisha, Asansol. 4 injuries reported. Investigation ongoing by DGMS authorities."
DGMS-2022-020,2022-10-25,2022,10,Odisha,Ranchi,ODI-Mine-79,Opencast Coal,Machinery,Methane buildup,Fatal,2,7,"Machinery incident at Underground Coal mine. Cause: Methane buildup. Location: Odisha, Dhanbad. 2 fatalities reported. 7 injuries reported. Investigation ongoing by DGMS authorities."
DGMS-2022-043,2022-10-25,2022,10,Madhya Pradesh,Korba,MAD-Mine-32,Iron Ore,Fire,Inadequate training,Minor,0,0,"Fire incident at Opencast Coal mine. Cause: Inadequate training. Location: Madhya Pradesh, Dhanbad. Investigation ongoing by DGMS authorities."
DGMS-2022-036,2022-10-27,2022,10,Madhya Pradesh,Asansol,MAD-Mine-96,Limestone,Transport/Haulage,Safety protocol violation,Serious,0,8,"Transport/Haulage incident at Limestone mine. Cause: Safety protocol violation. Location: Madhya Pradesh, Singrauli. 8 injuries reported. Investigation ongoing by DGMS authorities."
DGMS-2022-018,2022-11-01,2022,11,Madhya Pradesh,Asansol,MAD-Mine-51,Iron Ore,Electrical,Weather conditions,Serious,0,8,"Electrical incident at Iron Ore mine. Cause: Weather conditions. Location: Madhya Pradesh, Dhanbad. 8 injuries reported. Investigation ongoing by DGMS authorities."
DGMS-2022-048,2022-11-09,2022,11,Jharkhand,Talcher,JHA-Mine-96,Manganese,Explosion,Human error,Minor,0,2,"Explosion incident at Opencast Coal mine. Cause: Human error. Location: Jharkhand, Dhanbad. 2 injuries reported. Investigation ongoing by DGMS authorities."
DGMS-2022-046,2022-11-11,2022,11,Odisha,Asansol,ODI-Mine-39,Manganese,Inundation,Human error,Minor,0,1,"Inundation incident at Underground Coal mine. Cause: Human error. Location: Odisha, Sundergarh. 1 injuries reported. Investigation ongoing by DGMS authorities."
DGMS-2022-022,2022-11-18,2022,11,Odisha,Dhanbad,ODI-Mine-23,Opencast Coal,Gas Emission,Equipment malfunction,Serious,0,11,"Gas Emission incident at Opencast Coal mine. Cause: Equipment malfunction. Location: Odisha, Talcher. 11 injuries reported. Investigation ongoing by DGMS authorities."
DGMS-2022-006,2022-12-04,2022,12,West Bengal,Talcher,WES-Mine-06,Manganese,Fire,Inadequate support,Fatal,1,0,"Fire incident at Manganese mine. Cause: Inadequate support. Location: West Bengal, Korba. 1 fatalities reported. Investigation ongoing by DGMS authorities."
DGMS-2022-030,2022-12-19,2022,12,Chhattisgarh,Talcher,CHH-Mine-33,Iron Ore,Roof/Side Fall,Human error,Minor,0,2,"Roof/Side Fall incident at Manganese mine. Cause: Human error. Location: Chhattisgarh, Asansol. 2 injuries reported. Investigation ongoing by DGMS authorities."
